Slots,Max_Domains,Max_Events,Max_Days,Segments,Median (Tage),Avg_Overshoot,Max_Overshoot,Trigger-Verteilung
100,10,100,31,159305,4.047,5.4,5927,"{'end_of_stream': 0.5919713756630363, 'Events': 0.40514735883996106, 'Domains': 0.002881265497002605}"
100,10,250,31,124753,6.899,3.46,5777,"{'end_of_stream': 0.8171506897629717, 'Events': 0.17713401681723084, 'Domains': 0.00571529341979752}"
100,10,500,31,114813,7.972,2.06,5527,"{'end_of_stream': 0.9143128391384251, 'Events': 0.07842317507599314, 'Domains': 0.007263985785581772}"
100,10,750,31,112002,8.247,1.46,5277,"{'end_of_stream': 0.9463223871002303, 'Events': 0.04559740004642774, 'Domains': 0.008080212853341904}"
100,2,1000,31,264884,1.646,0.36,4988,"{'Domains': 0.7089254164086921, 'end_of_stream': 0.2856571178327117, 'Events': 0.005417465758596216}"
100,2,100,31,318080,1.162,2.28,5888,"{'Domains': 0.6375282947686117, 'end_of_stream': 0.22389650402414488, 'Events': 0.13857520120724345}"
100,2,250,31,280302,1.557,1.23,5738,"{'Domains': 0.6873479318734793, 'end_of_stream': 0.26497848748849456, 'Events': 0.04767358063802613}"
100,2,500,31,269025,1.638,0.69,5488,"{'Domains': 0.7026447356193662, 'end_of_stream': 0.28010779667317165, 'Events': 0.017247467707462133}"
100,2,750,31,265835,1.647,0.45,5238,"{'Domains': 0.7066450994037655, 'end_of_stream': 0.28433802922865686, 'Events': 0.009016871367577632}"
100,3,1000,31,160097,4.355,0.65,5027,"{'end_of_stream': 0.5802482245138885, 'Domains': 0.4060600760788772, 'Events': 0.013691699407234364}"
100,3,100,31,207479,2.921,3.85,5927,"{'end_of_stream': 0.41354546725210745, 'Domains': 0.32389784026335194, 'Events': 0.2625566924845406}"
100,3,250,31,173999,3.997,2.25,5777,"{'end_of_stream': 0.5194799970114771, 'Domains': 0.38002517255846296, 'Events': 0.10049483043005994}"
100,3,500,31,164155,4.244,1.3,5527,"{'end_of_stream': 0.5611221102007249, 'Domains': 0.3985075081477871, 'Events': 0.04037038165148792}"
100,3,750,31,161381,4.326,0.88,5277,"{'end_of_stream': 0.5743550975641495, 'Domains': 0.40367205557035835, 'Events': 0.02197284686549222}"
100,5,1000,31,119948,7.353,0.99,5027,"{'end_of_stream': 0.8602144262513756, 'Domains': 0.1149998332610798, 'Events': 0.024785740487544602}"
100,5,100,31,167046,3.944,5.07,5927,"{'end_of_stream': 0.5556792739724388, 'Events': 0.37024532164792934, 'Domains': 0.07407540437963196}"
100,5,250,31,133695,6.111,3.15,5777,"{'end_of_stream': 0.7446725756385804, 'Events': 0.15503945547701858, 'Domains': 0.10028796888440106}"
100,5,500,31,123999,7.036,1.84,5527,"{'end_of_stream': 0.8229098621763079, 'Domains': 0.11012185582141791, 'Events': 0.06696828200227421}"
100,5,750,31,121227,7.213,1.28,5277,"{'end_of_stream': 0.847888671665553, 'Domains': 0.11391026751466257, 'Events': 0.038201060819784374}"
100,7,1000,31,113023,8.115,1.1,5027,"{'end_of_stream': 0.9365792803234739, 'Domains': 0.0349663342859418, 'Events': 0.028454385390584216}"
100,7,100,31,160825,4.027,5.33,5927,"{'end_of_stream': 0.5853318824809576, 'Events': 0.39661744131820303, 'Domains': 0.018050676200839423}"
100,7,250,31,126730,6.744,3.38,5777,"{'end_of_stream': 0.8000157815828928, 'Events': 0.17135642704963308, 'Domains': 0.02862779136747416}"
100,7,500,31,117012,7.79,2.0,5527,"{'end_of_stream': 0.892053806447202, 'Events': 0.0750094007452227, 'Domains': 0.03293679280757529}"
100,7,750,31,114163,8.035,1.41,5277,"{'end_of_stream': 0.9223391116211032, 'Events': 0.043543004300868056, 'Domains': 0.034117884078028786}"
10,10,1000,31,49267,5.029,2.03,5029,"{'Domains': 0.594332920616234, 'end_of_stream': 0.3705725942314328, 'Events': 0.0350944851523332}"
10,10,100,31,98528,1.898,9.26,5929,"{'Events': 0.7054542871062033, 'end_of_stream': 0.16969795388113024, 'Domains': 0.12484775901266645}"
10,10,250,31,61554,3.772,7.02,5779,"{'Domains': 0.3768885856321279, 'Events': 0.3356889885303961, 'end_of_stream': 0.287422425837476}"
10,10,25,31,288834,0.257,7.35,5972,"{'Events': 0.9501824577438944, 'end_of_stream': 0.047639820796720606, 'Domains': 0.0021777214593849755}"
10,10,500,31,52255,4.772,4.06,5529,"{'Domains': 0.527471055401397, 'end_of_stream': 0.3466079800975983, 'Events': 0.12592096450100468}"
10,10,50,31,164848,0.91,8.78,5979,"{'Events': 0.8799378821702417, 'end_of_stream': 0.09344972338153935, 'Domains': 0.026612394448218966}"
10,10,750,31,50108,4.988,2.79,5279,"{'Domains': 0.5748982198451346, 'end_of_stream': 0.3639738165562385, 'Events': 0.06112796359862697}"
10,15,1000,31,34303,8.872,3.53,5029,"{'end_of_stream': 0.5435093140541644, 'Domains': 0.3740489170043436, 'Events': 0.082441768941492}"
10,15,100,31,93754,1.96,10.05,5929,"{'Events': 0.7998272073724855, 'end_of_stream': 0.17914968961324318, 'Domains': 0.02102310301427139}"
10,15,250,31,50995,4.889,9.13,5779,"{'Events': 0.5072458084125895, 'end_of_stream': 0.3515638788116482, 'Domains': 0.14119031277576233}"
10,15,500,31,38753,7.208,6.27,5529,"{'end_of_stream': 0.4751116042628958, 'Domains': 0.2802879777049519, 'Events': 0.24460041803215235}"
10,15,750,31,35608,8.251,4.49,5279,"{'end_of_stream': 0.5227196135699843, 'Domains': 0.3423668838463267, 'Events': 0.13491350258368906}"
10,20,1000,31,28934,11.985,4.64,5029,"{'end_of_stream': 0.6521393516278426, 'Domains': 0.2222299025368079, 'Events': 0.12563074583534942}"
10,20,100,31,93147,1.964,10.19,5929,"{'Events': 0.8159038938452124, 'end_of_stream': 0.18073582616724101, 'Domains': 0.003360279987546566}"
10,20,250,31,48363,5.087,9.94,5779,"{'Events': 0.5795132642722742, 'end_of_stream': 0.37210264044827657, 'Domains': 0.04838409527944917}"
10,20,500,31,34544,8.675,7.45,5529,"{'end_of_stream': 0.5374884205650764, 'Events': 0.3239057433997221, 'Domains': 0.1386058360352015}"
10,20,750,31,30620,10.833,5.72,5279,"{'end_of_stream': 0.6145983017635532, 'Events': 0.19477465708687133, 'Domains': 0.19062704114957543}"
10,2,1000,31,572695,0.035,0.09,4991,"{'Domains': 0.9794655095644278, 'end_of_stream': 0.020246378962624084, 'Events': 0.00028811147294807883}"
10,2,100,31,587813,0.035,0.9,5891,"{'Domains': 0.956319441727216, 'Events': 0.024358086670420696, 'end_of_stream': 0.019322471602363337}"
10,2,250,31,574942,0.035,0.39,5741,"{'Domains': 0.9756618928518007, 'end_of_stream': 0.02005245746527476, 'Events': 0.004285649682924539}"
10,2,25,31,687337,0.026,2.36,5966,"{'Domains': 0.7980946755376184, 'Events': 0.18660860684060365, 'end_of_stream': 0.015296717621777964}"
10,2,500,31,572927,0.035,0.2,5491,"{'Domains': 0.9786726755764696, 'end_of_stream': 0.020239925854428225, 'Events': 0.001087398569102172}"
10,2,50,31,617722,0.033,1.55,5941,"{'Domains': 0.9074551335390354, 'Events': 0.07459828207510823, 'end_of_stream': 0.01794658438585642}"
10,2,750,31,572916,0.035,0.13,5241,"{'Domains': 0.979272703153691, 'end_of_stream': 0.020222859895691513, 'Events': 0.0005044369506175425}"
10,30,1000,31,25468,15.139,5.5,5029,"{'end_of_stream': 0.7448170252866342, 'Events': 0.18061881576880792, 'Domains': 0.07456415894455788}"
10,30,100,31,93069,1.964,10.2,5929,"{'Events': 0.8190052541662637, 'end_of_stream': 0.18087655395459282, 'Domains': 0.00011819187914343121}"
10,30,250,31,47494,5.168,10.21,5779,"{'Events': 0.6143302311870973, 'end_of_stream': 0.37895313092180066, 'Domains': 0.006716637891102034}"
10,30,500,31,32289,9.564,8.36,5529,"{'end_of_stream': 0.5772863823593174, 'Events': 0.3908761497723683, 'Domains': 0.03183746786831429}"
10,30,750,31,27574,12.993,6.71,5279,"{'end_of_stream': 0.683760063828244, 'Events': 0.2602088924349024, 'Domains': 0.05603104373685356}"
10,3,1000,31,268285,0.359,0.23,4992,"{'Domains': 0.9453454348919992, 'end_of_stream': 0.05361462623702406, 'Events': 0.0010399388709767597}"
10,3,100,31,288988,0.313,2.2,5892,"{'Domains': 0.8620669370354478, 'Events': 0.08947084307998948, 'end_of_stream': 0.04846221988456268}"
10,3,250,31,271765,0.354,0.98,5742,"{'Domains': 0.9295457472448623, 'end_of_stream': 0.0525196401302596, 'Events': 0.01793461262487811}"
10,3,25,31,412114,0.109,4.52,5967,"{'Domains': 0.5063501846576433, 'Events': 0.4627311860310497, 'end_of_stream': 0.030918629311307066}"
10,3,500,31,268960,0.36,0.5,5492,"{'Domains': 0.9421475312314099, 'end_of_stream': 0.05340199286139203, 'Events': 0.004450475907198097}"
10,3,50,31,327307,0.22,3.46,5942,"{'Domains': 0.7259789738685699, 'Events': 0.23291894154417717, 'end_of_stream': 0.041102084587252945}"
10,3,750,31,268435,0.359,0.32,5242,"{'Domains': 0.944563860897424, 'end_of_stream': 0.053569765492577345, 'Events': 0.0018663736099986963}"
10,50,1000,31,24336,16.272,5.95,5029,"{'end_of_stream': 0.7804898093359632, 'Events': 0.2090318869165023, 'Domains': 0.010478303747534517}"
10,50,100,31,93057,1.965,10.21,5929,"{'Events': 0.8190893753290994, 'end_of_stream': 0.18091062467090063}"
10,50,250,31,47393,5.168,10.28,5779,"{'Events': 0.6199649737302977, 'end_of_stream': 0.3798662249699323, 'Domains': 0.00016880129977000824}"
10,50,500,31,31817,9.904,8.64,5529,"{'end_of_stream': 0.58597605053902, 'Events': 0.41194958669893456, 'Domains': 0.0020743627620454473}"
10,50,750,31,26719,13.912,7.07,5279,"{'end_of_stream': 0.7062390059508216, 'Events': 0.28739848048205396, 'Domains': 0.0063625135671245186}"
10,5,1000,31,118792,1.316,0.65,5029,"{'Domains': 0.8552259411408175, 'end_of_stream': 0.13961377870563674, 'Events': 0.005160280153545693}"
10,5,100,31,149385,1.025,5.19,5929,"{'Domains': 0.5889279378786357, 'Events': 0.3045754259129096, 'end_of_stream': 0.10649663620845466}"
10,5,250,31,125171,1.237,2.71,5779,"{'Domains': 0.7887290187024151, 'end_of_stream': 0.13122847944012592, 'Events': 0.080042501857459}"
10,5,25,31,306267,0.23,6.74,5972,"{'Events': 0.8217372423408333, 'Domains': 0.13379175686574132, 'end_of_stream': 0.04447100079342534}"
10,5,500,31,120188,1.302,1.35,5529,"{'Domains': 0.8402003527806436, 'end_of_stream': 0.13815023130428994, 'Events': 0.021649415915066396}"
10,5,50,31,199871,0.758,6.65,5979,"{'Events': 0.5789634314132616, 'Domains': 0.34575801391897776, 'end_of_stream': 0.0752785546677607}"
10,5,750,31,119099,1.314,0.9,5279,"{'Domains': 0.8512581969621911, 'end_of_stream': 0.13945541104459316, 'Events': 0.009286391993215728}"
10,7,1000,31,74984,2.801,1.17,5029,"{'Domains': 0.7512135922330098, 'end_of_stream': 0.23498346313880294, 'Events': 0.013802944628187347}"
10,7,100,31,114039,1.532,7.49,5929,"{'Events': 0.5152360157489981, 'Domains': 0.34024325011618833, 'end_of_stream': 0.14452073413481353}"
10,7,250,31,83761,2.301,4.6,5779,"{'Domains': 0.6145819653538043, 'end_of_stream': 0.20575208032377837, 'Events': 0.17966595432241736}"
10,7,25,31,291289,0.252,7.26,5972,"{'Events': 0.9253353199056606, 'end_of_stream': 0.04735846530421677, 'Domains': 0.027306214790122525}"
10,7,500,31,76982,2.735,2.46,5529,"{'Domains': 0.7171936296796654, 'end_of_stream': 0.2277415499727209, 'Events': 0.05506482034761373}"
10,7,50,31,173173,0.878,8.14,5979,"{'Events': 0.7801273870638032, 'Domains': 0.13097884774185353, 'end_of_stream': 0.08889376519434324}"
10,7,750,31,75544,2.774,1.6,5279,"{'Domains': 0.7421899819972466, 'end_of_stream': 0.23296357089907868, 'Events': 0.02484644710367468}"
150,30,250,31,146568,4.82,2.91,5777,"{'end_of_stream': 0.8525257900769608, 'Events': 0.14747420992303914}"
150,30,500,31,136835,5.13,1.71,5527,"{'end_of_stream': 0.9352285599444586, 'Events': 0.06477144005554135}"
15,10,100,31,102156,2.49,8.97,5929,"{'Events': 0.6863914013861153, 'end_of_stream': 0.2304416774345119, 'Domains': 0.08316692117937273}"
15,10,250,31,63836,5.358,6.91,5779,"{'end_of_stream': 0.39530985650729994, 'Events': 0.3483927564383733, 'Domains': 0.2562973870543267}"
15,10,25,31,292441,0.44,7.25,5972,"{'Events': 0.9338122903423255, 'end_of_stream': 0.06489172174900236, 'Domains': 0.0012959879086721765}"
15,10,500,31,53547,7.055,4.26,5529,"{'end_of_stream': 0.4829588959232077, 'Domains': 0.37062767288550247, 'Events': 0.14641343119128988}"
15,10,50,31,168761,1.065,8.54,5979,"{'Events': 0.85554719396069, 'end_of_stream': 0.127002091715503, 'Domains': 0.01745071432380704}"
15,2,100,31,511449,0.082,1.11,5890,"{'Domains': 0.9317155767241699, 'Events': 0.0368834429239279, 'end_of_stream': 0.03140098035190214}"
15,2,250,31,493425,0.085,0.49,5740,"{'Domains': 0.9598419212646299, 'end_of_stream': 0.03289861681106551, 'Events': 0.007259461924304606}"
15,2,25,31,630405,0.049,2.66,5965,"{'Domains': 0.7470292906940776, 'Events': 0.22986651438361053, 'end_of_stream': 0.023104194922311846}"
15,2,500,31,490255,0.085,0.25,5490,"{'Domains': 0.9650549203985681, 'end_of_stream': 0.0331154195265729, 'Events': 0.001829660074859002}"
15,2,50,31,549063,0.071,1.83,5940,"{'Domains': 0.8698437155663375, 'Events': 0.1022013867261134, 'end_of_stream': 0.027954897707549043}"
15,3,100,31,258304,0.729,2.62,5892,"{'Domains': 0.798822317888999, 'Events': 0.12406699083250744, 'end_of_stream': 0.07711069127849356}"
15,3,250,31,237251,0.802,1.24,5742,"{'Domains': 0.8848350481136013, 'end_of_stream': 0.0866255568996548, 'Events': 0.028539394986743998}"
15,3,25,31,393824,0.208,4.83,5967,"{'Events': 0.5185514341431705, 'Domains': 0.4372130697976761, 'end_of_stream': 0.04423549605915333}"
15,3,500,31,232819,0.812,0.64,5492,"{'Domains': 0.9037621499963491, 'end_of_stream': 0.08870839579243962, 'Events': 0.007529454211211284}"
15,3,50,31,302365,0.529,3.9,5942,"{'Domains': 0.6507697650190994, 'Events': 0.28610123526201775, 'end_of_stream': 0.0631289997188828}"
15,5,100,31,142477,1.693,5.67,5929,"{'Domains': 0.48539062445166586, 'Events': 0.35792443692666187, 'end_of_stream': 0.15668493862167227}"
15,5,250,31,115059,2.151,3.16,5779,"{'Domains': 0.6845618334941204, 'end_of_stream': 0.2043734084252427, 'Events': 0.11106475808063689}"
15,5,25,31,306057,0.411,6.77,5972,"{'Events': 0.8371839232561255, 'Domains': 0.101327530492686, 'end_of_stream': 0.061488546251188506}"
15,5,500,31,108673,2.322,1.66,5529,"{'Domains': 0.7475821961296735, 'end_of_stream': 0.2182602854434864, 'Events': 0.03415751842684015}"
15,5,50,31,196264,0.979,6.87,5979,"{'Events': 0.6221314148290058, 'Domains': 0.27145579423633476, 'end_of_stream': 0.10641279093465944}"
15,7,100,31,114060,2.122,7.62,5929,"{'Events': 0.5454585305979309, 'Domains': 0.2513150973172015, 'end_of_stream': 0.2032263720848676}"
15,7,250,31,81328,3.868,4.97,5779,"{'Domains': 0.48255213456620105, 'end_of_stream': 0.3019993114302577, 'Events': 0.2154485540035412}"
15,7,25,31,294270,0.439,7.17,5972,"{'Events': 0.9166105957114214, 'end_of_stream': 0.06423692527270873, 'Domains': 0.019152479015869778}"
15,7,500,31,73297,4.329,2.78,5529,"{'Domains': 0.5821384231278224, 'end_of_stream': 0.34154194578222846, 'Events': 0.07631963108994912}"
15,7,50,31,174998,1.044,8.09,5979,"{'Events': 0.7836032411798992, 'end_of_stream': 0.12174996285671837, 'Domains': 0.09464679596338244}"
25,10,100,31,110655,3.404,8.17,5927,"{'Events': 0.6304550178482672, 'end_of_stream': 0.3249830554425918, 'Domains': 0.044561926709141025}"
25,10,250,31,71426,7.402,6.26,5777,"{'end_of_stream': 0.5428415422955226, 'Events': 0.3250777027973007, 'Domains': 0.13208075490717666}"
25,10,25,31,298894,0.685,7.05,5966,"{'Events': 0.9053845175881751, 'end_of_stream': 0.09396976854670887, 'Domains': 0.0006457138651160612}"
25,10,500,31,60451,10.006,3.97,5527,"{'end_of_stream': 0.662933615655655, 'Domains': 0.1893103505318357, 'Events': 0.14775603381250932}"
25,10,50,31,176842,1.56,8.07,5977,"{'Events': 0.8068614921794597, 'end_of_stream': 0.18400606190837018, 'Domains': 0.009132445912170186}"
25,2,100,31,435489,0.263,1.41,5888,"{'Domains': 0.8847272835823637, 'Events': 0.05888782495080243, 'end_of_stream': 0.056384891466833835}"
25,2,250,31,410886,0.296,0.67,5738,"{'Domains': 0.9257068870684326, 'end_of_stream': 0.06078084918931285, 'Events': 0.013512263742254543}"
25,2,25,31,574366,0.108,3.03,5963,"{'Domains': 0.6753150430213487, 'Events': 0.2869250617202272, 'end_of_stream': 0.03775989525842407}"
25,2,500,31,406124,0.298,0.34,5488,"{'Domains': 0.9343008539263871, 'end_of_stream': 0.06185303010903074, 'Events': 0.003846115964582246}"
25,2,50,31,482416,0.193,2.22,5938,"{'Domains': 0.8086257503897052, 'Events': 0.143121289509469, 'end_of_stream': 0.048252960100825845}"
25,3,100,31,230699,1.08,3.13,5914,"{'Domains': 0.6955686847363881, 'Events': 0.17242380764546011, 'end_of_stream': 0.1320075076181518}"
25,3,250,31,204723,1.286,1.59,5764,"{'Domains': 0.797555721633622, 'end_of_stream': 0.15453564084152732, 'Events': 0.04790863752485065}"
25,3,25,31,377754,0.457,5.13,5963,"{'Events': 0.577741069584968, 'Domains': 0.3538149165859263, 'end_of_stream': 0.06844401382910571}"
25,3,500,31,198302,1.34,0.84,5514,"{'Domains': 0.824878216054301, 'end_of_stream': 0.16070942300128088, 'Events': 0.01441236094441811}"
25,3,50,31,280210,0.899,4.36,5964,"{'Domains': 0.5461689447200314, 'Events': 0.35130081010670566, 'end_of_stream': 0.10253024517326291}"
25,5,100,31,139970,2.587,5.91,5927,"{'Events': 0.4034936057726656, 'Domains': 0.35120382939201256, 'end_of_stream': 0.24530256483532187}"
25,5,250,31,109269,3.923,3.56,5777,"{'Domains': 0.5218680504077094, 'end_of_stream': 0.33107285689445315, 'Events': 0.14705909269783746}"
25,5,25,31,308538,0.671,6.73,5966,"{'Events': 0.8396372569991378, 'end_of_stream': 0.09081539388989363, 'Domains': 0.0695473491109685}"
25,5,500,31,101326,4.228,1.96,5527,"{'Domains': 0.5833941930008093, 'end_of_stream': 0.3640526617057813, 'Events': 0.05255314529340939}"
25,5,50,31,196371,1.31,6.95,5977,"{'Events': 0.6474683125308727, 'Domains': 0.19090904461453065, 'end_of_stream': 0.16162264285459665}"
25,7,100,31,118771,3.111,7.37,5927,"{'Events': 0.5439459127228027, 'end_of_stream': 0.29937442641722306, 'Domains': 0.15667966085997423}"
25,7,250,31,83802,5.945,5.02,5777,"{'end_of_stream': 0.45266222763179875, 'Domains': 0.30805947352091834, 'Events': 0.23927829884728288}"
25,7,25,31,300120,0.684,7.01,5966,"{'Events': 0.8947354391576703, 'end_of_stream': 0.0937125149940024, 'Domains': 0.011552045848327336}"
25,7,500,31,74359,7.082,2.94,5527,"{'end_of_stream': 0.5233663712529755, 'Domains': 0.3803574550491534, 'Events': 0.09627617369787114}"
25,7,50,31,180946,1.508,7.78,5977,"{'Events': 0.7630453284405292, 'end_of_stream': 0.1788931504426735, 'Domains': 0.05806152111679728}"
3,10,100,31,98640,0.636,8.88,5951,"{'Events': 0.6179744525547445, 'Domains': 0.3234691808596918, 'end_of_stream': 0.058556366585563666}"
3,10,250,31,69582,0.929,5.23,5801,"{'Domains': 0.7330631485154206, 'Events': 0.1814980885861286, 'end_of_stream': 0.08543876289845075}"
3,10,25,31,282868,0.055,7.58,5974,"{'Events': 0.9738217118938869, 'end_of_stream': 0.01867655584937144, 'Domains': 0.007501732256741661}"
3,10,500,31,64388,0.963,2.63,5551,"{'Domains': 0.8639032117785923, 'end_of_stream': 0.09281232527800211, 'Events': 0.043284462943405606}"
3,10,50,31,160543,0.197,9.01,5950,"{'Events': 0.8866160467912023, 'Domains': 0.07877017372292781, 'end_of_stream': 0.03461377948586983}"
3,2,100,31,904201,0.004,0.48,5888,"{'Domains': 0.9877140149148254, 'Events': 0.007431975854926062, 'end_of_stream': 0.004854009230248584}"
3,2,250,31,900549,0.004,0.21,5738,"{'Domains': 0.9938237675018239, 'end_of_stream': 0.004891460653445843, 'Events': 0.0012847718447302702}"
3,2,25,31,949635,0.004,1.5,5963,"{'Domains': 0.9104740242303622, 'Events': 0.08504004170023219, 'end_of_stream': 0.004485934069405614}"
3,2,500,31,900099,0.004,0.1,5488,"{'Domains': 0.9947727972145286, 'end_of_stream': 0.004880574247943838, 'Events': 0.0003466285375275386}"
3,2,50,31,916120,0.004,0.88,5938,"{'Domains': 0.9684113434921189, 'Events': 0.026867659258612408, 'end_of_stream': 0.0047209972492686545}"
3,3,100,31,436735,0.02,1.18,5888,"{'Domains': 0.9605825042645998, 'Events': 0.027838391702061892, 'end_of_stream': 0.011579104033338294}"
3,3,250,31,429756,0.02,0.49,5738,"{'Domains': 0.9838280326510858, 'end_of_stream': 0.011850910749355448, 'Events': 0.0043210565995588195}"
3,3,25,31,513718,0.016,3.3,5963,"{'Domains': 0.7201888974106416, 'Events': 0.2703701252438108, 'end_of_stream': 0.009440977345547557}"
3,3,500,31,428851,0.02,0.25,5488,"{'Domains': 0.9870281286507435, 'end_of_stream': 0.01184560604965361, 'Events': 0.0011262652996028924}"
3,3,50,31,457801,0.019,2.11,5938,"{'Domains': 0.891607925714448, 'Events': 0.09748122000607251, 'end_of_stream': 0.010910854279479512}"
3,5,100,31,196365,0.119,3.31,5898,"{'Domains': 0.8366816897104882, 'Events': 0.13489165584498256, 'end_of_stream': 0.02842665444452932}"
3,5,250,31,183507,0.131,1.41,5748,"{'Domains': 0.9478875465241108, 'end_of_stream': 0.030353065550632947, 'Events': 0.02175938792525626}"
3,5,25,31,321885,0.043,6.24,5965,"{'Events': 0.7018313994128338, 'Domains': 0.2819858023828386, 'end_of_stream': 0.016182798204327633}"
3,5,500,31,181542,0.132,0.68,5498,"{'Domains': 0.964278238644501, 'end_of_stream': 0.030852364742043163, 'Events': 0.00486939661345584}"
3,5,50,31,232460,0.086,5.22,5948,"{'Domains': 0.6002107889529381, 'Events': 0.37635292093263356, 'end_of_stream': 0.02343629011442829}"
3,7,100,31,130398,0.346,5.87,5940,"{'Domains': 0.6324866945812052, 'Events': 0.3233408487860243, 'end_of_stream': 0.04417245663277044}"
3,7,250,31,110694,0.475,2.74,5790,"{'Domains': 0.8847453339837751, 'Events': 0.0629573418613475, 'end_of_stream': 0.05229732415487741}"
3,7,25,31,289793,0.052,7.27,5974,"{'Events': 0.9088280255216654, 'Domains': 0.07301763672690506, 'end_of_stream': 0.01815433775142947}"
3,7,500,31,107691,0.487,1.32,5540,"{'Domains': 0.9318513153374005, 'end_of_stream': 0.05417351496411028, 'Events': 0.013975169698489196}"
3,7,50,31,179471,0.154,7.58,5939,"{'Events': 0.667573034083501, 'Domains': 0.3015584690562821, 'end_of_stream': 0.03086849686021697}"
50,10,1000,31,76752,12.996,1.61,5027,"{'end_of_stream': 0.9043542839274546, 'Domains': 0.05222013758599124, 'Events': 0.043425578486554095}"
50,10,100,31,129849,4.367,6.81,5927,"{'Events': 0.5205199886021455, 'end_of_stream': 0.46572557355081673, 'Domains': 0.013754437847037714}"
50,10,250,31,92119,8.73,4.76,5777,"{'end_of_stream': 0.7150533548996407, 'Events': 0.2503392351197907, 'Domains': 0.03460740998056861}"
50,10,500,31,81190,11.237,3.01,5527,"{'end_of_stream': 0.8396723734450056, 'Events': 0.11384406946668309, 'Domains': 0.04648355708831137}"
50,10,750,31,78095,12.389,2.13,5277,"{'end_of_stream': 0.8832703758243166, 'Events': 0.06648312952173635, 'Domains': 0.050246494653947114}"
50,15,1000,31,74280,13.96,1.72,5027,"{'end_of_stream': 0.9409262250942381, 'Events': 0.04730748519116855, 'Domains': 0.01176628971459343}"
50,15,100,31,129012,4.397,6.86,5927,"{'Events': 0.5296484047995536, 'end_of_stream': 0.4691579077915233, 'Domains': 0.001193687408923201}"
50,15,250,31,90355,8.985,4.89,5777,"{'end_of_stream': 0.7315256488296165, 'Events': 0.2622323059044879, 'Domains': 0.0062420452658956335}"
50,15,500,31,78944,12.063,3.1,5527,"{'end_of_stream': 0.8682230441832185, 'Events': 0.12235255370895824, 'Domains': 0.009424402107823268}"
50,15,750,31,75742,13.222,2.19,5277,"{'end_of_stream': 0.916704074357688, 'Events': 0.07198119933458319, 'Domains': 0.011314726307728869}"
50,20,1000,31,73811,14.057,1.72,5027,"{'end_of_stream': 0.947636531140345, 'Events': 0.04836677459999187, 'Domains': 0.003996694259663194}"
50,20,100,31,128973,4.391,6.87,5927,"{'Events': 0.5307234847603762, 'end_of_stream': 0.46915245826645885, 'Domains': 0.000124056973164926}"
50,20,250,31,90069,9.009,4.92,5777,"{'end_of_stream': 0.7339484173244957, 'Events': 0.26458603959186844, 'Domains': 0.0014655430836358792}"
50,20,500,31,78551,12.172,3.14,5527,"{'end_of_stream': 0.8732543188501738, 'Events': 0.12395768354317577, 'Domains': 0.0027879976066504564}"
50,20,750,31,75281,13.514,2.22,5277,"{'end_of_stream': 0.922888909552211, 'Events': 0.07348467740864228, 'Domains': 0.003626413039146664}"
50,2,1000,31,318156,0.931,0.24,4988,"{'Domains': 0.856029746413709, 'end_of_stream': 0.14154377098027382, 'Events': 0.002426482606017174}"
50,2,100,31,362972,0.848,1.86,5888,"{'Domains': 0.7844461831766638, 'end_of_stream': 0.11769502881764984, 'Events': 0.09785878800568638}"
50,2,250,31,330164,0.919,0.95,5738,"{'Domains': 0.8371203401945699, 'end_of_stream': 0.1344029027998207, 'Events': 0.028476757005609334}"
50,2,500,31,320890,0.931,0.5,5488,"{'Domains': 0.8514600018697996, 'end_of_stream': 0.13949951696843155, 'Events': 0.00904048116176883}"
50,2,750,31,319223,0.931,0.33,5238,"{'Domains': 0.855113823252084, 'end_of_stream': 0.14071981028935884, 'Events': 0.004166366458557184}"
50,30,1000,31,73609,14.095,1.75,5027,"{'end_of_stream': 0.9505359398986537, 'Events': 0.04889347769973781, 'Domains': 0.000570582401608499}"
50,30,100,31,128978,4.39,6.87,5927,"{'Events': 0.5308424692583231, 'end_of_stream': 0.4691575307416769}"
50,30,250,31,90009,9.016,4.94,5777,"{'end_of_stream': 0.7345709873457099, 'Events': 0.2653734626537346, 'Domains': 5.5550000555500004e-05}"
50,30,500,31,78403,12.225,3.14,5527,"{'end_of_stream': 0.8748772368404271, 'Events': 0.12477838858206956, 'Domains': 0.00034437457750341184}"
50,30,750,31,75104,13.648,2.22,5277,"{'end_of_stream': 0.9253834682573499, 'Events': 0.07403067746058799, 'Domains': 0.000585854282062207}"
50,3,1000,31,168089,3.016,0.55,5027,"{'Domains': 0.6555158279244924, 'end_of_stream': 0.3360898095651708, 'Events': 0.008394362510336786}"
50,3,100,31,210795,2.069,3.64,5927,"{'Domains': 0.5189449465120141, 'end_of_stream': 0.25025261509997865, 'Events': 0.23080243838800732}"
50,3,250,31,179704,2.891,2.01,5777,"{'Domains': 0.6128967635667543, 'end_of_stream': 0.308295864310199, 'Events': 0.07880737212304678}"
50,3,500,31,171202,2.998,1.12,5527,"{'Domains': 0.6448522797630869, 'end_of_stream': 0.3273034193525777, 'Events': 0.027844300884335465}"
50,3,750,31,169098,3.012,0.74,5277,"{'Domains': 0.6526038155389182, 'end_of_stream': 0.33328602348933756, 'Events': 0.014110160971744196}"
50,50,1000,31,73574,14.099,1.75,5027,"{'end_of_stream': 0.9510288960774187, 'Events': 0.04897110392258135}"
50,50,100,31,128978,4.39,6.87,5927,"{'Events': 0.5308424692583231, 'end_of_stream': 0.4691575307416769}"
50,50,250,31,90013,9.015,4.94,5777,"{'end_of_stream': 0.7345938919933788, 'Events': 0.2654061080066213}"
50,50,500,31,78386,12.231,3.14,5527,"{'end_of_stream': 0.8750542188656137, 'Events': 0.12494578113438624}"
50,50,750,31,75080,13.661,2.23,5277,"{'end_of_stream': 0.9257059136920618, 'Events': 0.0742940863079382}"
50,5,1000,31,100581,7.441,1.09,5027,"{'end_of_stream': 0.6445849613744147, 'Domains': 0.3318817669341128, 'Events': 0.023533271691472544}"
50,5,100,31,146949,3.894,5.75,5927,"{'Events': 0.41238797133699445, 'end_of_stream': 0.399226942680794, 'Domains': 0.18838508598221151}"
50,5,250,31,113615,6.123,3.61,5777,"{'end_of_stream': 0.5511508163534744, 'Domains': 0.2780442723231968, 'Events': 0.17080491132332878}"
50,5,500,31,104272,7.071,2.09,5527,"{'end_of_stream': 0.6149781341107872, 'Domains': 0.31514692343102657, 'Events': 0.06987494245818628}"
50,5,750,31,101735,7.297,1.47,5277,"{'end_of_stream': 0.6356121295522682, 'Domains': 0.32681967857669436, 'Events': 0.0375681918710375}"
50,7,1000,31,83917,10.639,1.44,5027,"{'end_of_stream': 0.808811087145632, 'Domains': 0.156058963022987, 'Events': 0.035129949831381006}"
50,7,100,31,134083,4.191,6.49,5927,"{'Events': 0.48722806023134924, 'end_of_stream': 0.44839390526763273, 'Domains': 0.06437803450101802}"
50,7,250,31,98268,7.873,4.4,5777,"{'end_of_stream': 0.6596450523059388, 'Events': 0.22053974844303334, 'Domains': 0.1198151992510278}"
50,7,500,31,88052,9.615,2.68,5527,"{'end_of_stream': 0.7580747739971835, 'Domains': 0.1451528642165993, 'Events': 0.09677236178621723}"
50,7,750,31,85179,10.166,1.85,5277,"{'end_of_stream': 0.7924018830932507, 'Domains': 0.1529015367637563, 'Events': 0.054696580142992994}"
5,10,100,31,96748,0.986,9.28,5944,"{'Events': 0.6810683424980362, 'Domains': 0.22439740356389795, 'end_of_stream': 0.0945342539380659}"
5,10,250,31,63680,1.778,6.24,5794,"{'Domains': 0.5935458542713568, 'Events': 0.25720791457286435, 'end_of_stream': 0.1492462311557789}"
5,10,25,31,284597,0.104,7.51,5976,"{'Events': 0.9676419638998303, 'end_of_stream': 0.027642596373117074, 'Domains': 0.0047154397270526395}"
5,10,500,31,56731,1.972,3.37,5544,"{'Domains': 0.7557772646348557, 'end_of_stream': 0.1700833759320301, 'Events': 0.07413935943311417}"
5,10,50,31,161172,0.482,9.0,5938,"{'Events': 0.8963529645347827, 'end_of_stream': 0.053340530613257886, 'Domains': 0.0503065048519594}"
5,2,100,31,752387,0.009,0.62,5891,"{'Domains': 0.9795530757442645, 'Events': 0.011916739656586305, 'end_of_stream': 0.008530184599149108}"
5,2,250,31,745777,0.009,0.27,5741,"{'Domains': 0.9892823189773887, 'end_of_stream': 0.008659425002380068, 'Events': 0.0020582560202312486}"
5,2,25,31,819150,0.009,1.84,5966,"{'Domains': 0.8708807910639077, 'Events': 0.12141976438991638, 'end_of_stream': 0.007699444546175914}"
5,2,500,31,745076,0.009,0.14,5491,"{'Domains': 0.9908479135014414, 'end_of_stream': 0.008624623528338048, 'Events': 0.0005274629702204875}"
5,2,50,31,770694,0.009,1.12,5941,"{'Domains': 0.9501994306430308, 'Events': 0.041445761871767524, 'end_of_stream': 0.00835480748520165}"
5,3,100,31,362252,0.059,1.55,5906,"{'Domains': 0.9316277066793281, 'Events': 0.046832039574660735, 'end_of_stream': 0.021540253746011064}"
5,3,250,31,351919,0.06,0.66,5756,"{'Domains': 0.9700044612538681, 'end_of_stream': 0.02244834748905288, 'Events': 0.007547191257079044}"
5,3,25,31,460238,0.036,3.86,5981,"{'Domains': 0.6318296185886433, 'Events': 0.35224601184604487, 'end_of_stream': 0.01592436956531186}"
5,3,500,31,350379,0.06,0.33,5506,"{'Domains': 0.9755379175121797, 'end_of_stream': 0.022595532266488572, 'Events': 0.0018665502213317578}"
5,3,50,31,390553,0.052,2.66,5956,"{'Domains': 0.833635895768308, 'Events': 0.14675088912388332, 'end_of_stream': 0.01961321510780867}"
5,5,100,31,171047,0.438,4.1,5888,"{'Domains': 0.7475606119955334, 'Events': 0.20176910439820633, 'end_of_stream': 0.05067028360626027}"
5,5,250,31,153261,0.538,1.91,5738,"{'Domains': 0.902936820195614, 'end_of_stream': 0.0580121492095184, 'Events': 0.03905103059486758}"
5,5,25,31,312213,0.087,6.54,5967,"{'Events': 0.7675176882448841, 'Domains': 0.2074096850547543, 'end_of_stream': 0.025072626700361613}"
5,5,500,31,150328,0.544,0.94,5488,"{'Domains': 0.931356766537172, 'end_of_stream': 0.05930365600553456, 'Events': 0.009339577457293385}"
5,5,50,31,213813,0.238,5.96,5938,"{'Domains': 0.4880619981011445, 'Events': 0.472960016462984, 'end_of_stream': 0.03897798543587153}"
5,7,100,31,120161,0.825,6.75,5944,"{'Domains': 0.5079684756285318, 'Events': 0.41708208154059967, 'end_of_stream': 0.07494944283086859}"
5,7,250,31,95585,0.988,3.53,5794,"{'Domains': 0.7972275984725636, 'Events': 0.1060103572736308, 'end_of_stream': 0.09676204425380551}"
5,7,25,31,288949,0.101,7.34,5976,"{'Events': 0.9247202793572569, 'Domains': 0.04809153172359136, 'end_of_stream': 0.027188188919151823}"
5,7,500,31,91228,1.003,1.76,5544,"{'Domains': 0.8720897092997764, 'end_of_stream': 0.10217257859429123, 'Events': 0.02573771210593239}"
5,7,50,31,174705,0.409,7.93,5938,"{'Events': 0.7337225608883546, 'Domains': 0.21690277897026417, 'end_of_stream': 0.049374660141381185}"
