Anzahl_Slots,Max_Domains,Max_Events,Max_Days,Session_Timeout,Mean_Cosine_Prev_Pseudonym,Avg_Utility_ThirdParty,Total_Resets,Total_Segments,kNN_Accuracy_k1,kNN_Accuracy_k3,kNN_Accuracy_k5,kNN_Accuracy_k10,kNN_Accuracy_k20
10,10,200,7,30,0.5094584828118865,123.66963812262117,474078,1018356,0.03448597543491667,0.06401395975474196,0.08597189980714014,0.12189155855123356,0.18486953481886492
10,10,200,7,60,0.5204843090989248,139.15837173069912,496114,905010,0.03699075148340902,0.06828764323046155,0.0915337952066828,0.13006154628125657,0.197142573010243
10,10,200,20,30,0.5094584828118865,123.66963812262117,474078,1018356,0.03448597543491667,0.06401395975474196,0.08597189980714014,0.12189155855123356,0.18486953481886492
10,10,200,20,60,0.5204843090989248,139.15837173069912,496114,905010,0.03699075148340902,0.06828764323046155,0.0915337952066828,0.13006154628125657,0.197142573010243
10,10,450,7,30,0.47690481179302885,166.670704851645,170375,755620,0.027733516847092455,0.05257139832190784,0.07032238426722427,0.10012440115401922,0.14956988962706122
10,10,450,7,60,0.4740052671004218,198.39431312470956,185912,634795,0.030313723328003528,0.056504855898360885,0.07514867004308477,0.10653045471372648,0.15925771311998363
10,10,450,20,30,0.47690481179302885,166.670704851645,170375,755620,0.027733516847092455,0.05257139832190784,0.07032238426722427,0.10012440115401922,0.14956988962706122
10,10,450,20,60,0.4740052671004218,198.39431312470956,185912,634795,0.030313723328003528,0.056504855898360885,0.07514867004308477,0.10653045471372648,0.15925771311998363
10,10,700,7,30,0.47586576381490137,182.3242088987848,93094,690746,0.02470227840624484,0.047156262938909524,0.06290155860475485,0.08972038926030697,0.13356429136035533
10,10,700,7,60,0.4676279793939945,221.97379455480882,104674,567363,0.02633763569355069,0.049437485348885986,0.06599126132652287,0.09395748400935557,0.1404480024252551
10,10,700,20,30,0.47586576381490137,182.3242088987848,93094,690746,0.02470227840624484,0.047156262938909524,0.06290155860475485,0.08972038926030697,0.13356429136035533
10,10,700,20,60,0.4676279793939945,221.97379455480882,104674,567363,0.02633763569355069,0.049437485348885986,0.06599126132652287,0.09395748400935557,0.1404480024252551
10,50,200,7,30,0.5096391148724472,123.69611781507025,473666,1018138,0.034489430705857166,0.06409150822383607,0.08605414983037663,0.12197167770970144,0.18485509822833446
10,50,200,7,60,0.520763736706396,139.21821182572592,495518,904621,0.03701660695473574,0.06827168504821356,0.09153336037965071,0.1300754680689482,0.19721187104875965
10,50,200,20,30,0.5096391148724472,123.69611781507025,473666,1018138,0.03451693188939024,0.06404338115265318,0.08524482928640321,0.1218312252366575,0.18463508876006984
10,50,200,20,60,0.520763736706396,139.21821182572592,495518,904621,0.03704645370823804,0.06822194045904306,0.09063464146863714,0.12990633646576855,0.19700404920955847
10,50,450,7,30,0.4774906737342919,166.83630029011618,169771,754870,0.02784452952163949,0.05269781551790374,0.06985043782373124,0.10000264946282142,0.1494177805449945
10,50,450,7,60,0.4743947692779831,198.64308832807572,185044,634000,0.03024763406940063,0.05629652996845426,0.07432807570977917,0.1062223974763407,0.15893690851735015
10,50,450,20,30,0.4774906737342919,166.83630029011618,169771,754870,0.02784452952163949,0.05269781551790374,0.06985043782373124,0.10000264946282142,0.1494177805449945
10,50,450,20,60,0.4743947692779831,198.64308832807572,185044,634000,0.03024763406940063,0.05629652996845426,0.07432807570977917,0.1062223974763407,0.15893690851735015
10,50,700,7,30,0.4766133230383177,182.58775003660753,92453,689749,0.02475828163578345,0.047033051153390584,0.062457502656763544,0.08962100706198922,0.13353408268805028
10,50,700,7,60,0.46829956822808244,222.42502454910883,103554,566212,0.02624635295613657,0.04941788588020035,0.06543662091230847,0.09377053117913432,0.140108298658453
10,50,700,20,30,0.4766133230383177,182.58775003660753,92453,689749,0.02475828163578345,0.047033051153390584,0.062457502656763544,0.08962100706198922,0.13353408268805028
10,50,700,20,60,0.46829956822808244,222.42502454910883,103554,566212,0.02624635295613657,0.04941788588020035,0.06543662091230847,0.09377053117913432,0.140108298658453
10,100,200,7,30,0.5096391148724472,123.69611781507025,473666,1018138,0.03451693188939024,0.06404338115265318,0.08524482928640321,0.1218312252366575,0.18463508876006984
10,100,200,7,60,0.520763736706396,139.21821182572592,495518,904621,0.03704645370823804,0.06822194045904306,0.09063464146863714,0.12990633646576855,0.19700404920955847
10,100,200,20,30,0.5096391148724472,123.69611781507025,473666,1018138,0.03451693188939024,0.06404338115265318,0.08524482928640321,0.1218312252366575,0.18463508876006984
10,100,200,20,60,0.520763736706396,139.21821182572592,495518,904621,0.03704645370823804,0.06822194045904306,0.09063464146863714,0.12990633646576855,0.19700404920955847
10,100,450,7,30,0.4774906737342919,166.83630029011618,169771,754870,0.02784452952163949,0.05269781551790374,0.06985043782373124,0.10000264946282142,0.1494177805449945
10,100,450,7,60,0.4743947692779831,198.64308832807572,185044,634000,0.03024763406940063,0.05629652996845426,0.07432807570977917,0.1062223974763407,0.15893690851735015
10,100,450,20,30,0.4774906737342919,166.83630029011618,169771,754870,0.02784452952163949,0.05269781551790374,0.06985043782373124,0.10000264946282142,0.1494177805449945
10,100,450,20,60,0.4743947692779831,198.64308832807572,185044,634000,0.03024763406940063,0.05629652996845426,0.07432807570977917,0.1062223974763407,0.15893690851735015
10,100,700,7,30,0.4766133230383177,182.58775003660753,92453,689749,0.02475828163578345,0.047033051153390584,0.062457502656763544,0.08962100706198922,0.13353408268805028
10,100,700,7,60,0.46829956822808244,222.42502454910883,103554,566212,0.02624635295613657,0.04941788588020035,0.06543662091230847,0.09377053117913432,0.140108298658453
10,100,700,20,30,0.4766133230383177,182.58775003660753,92453,689749,0.02475828163578345,0.047033051153390584,0.062457502656763544,0.08962100706198922,0.13353408268805028
10,100,700,20,60,0.46829956822808244,222.42502454910883,103554,566212,0.02624635295613657,0.04941788588020035,0.06543662091230847,0.09377053117913432,0.140108298658453
35,10,200,7,30,0.4814096951864699,103.02162935525854,453730,1222459,0.027245085520250577,0.051218895684845056,0.06901581157323068,0.10034037951375056,0.15446162202576938
35,10,200,7,60,0.4693905122199761,114.12720944120677,473863,1103503,0.02830531498328505,0.05298309111982478,0.07149414183740326,0.10428698426737398,0.1608432419304705
35,10,200,20,30,0.4814096951864699,103.02162935525854,453730,1222459,0.027245085520250577,0.051218895684845056,0.06901581157323068,0.10034037951375056,0.15446162202576938
35,10,200,20,60,0.4693905122199761,114.12720944120677,473863,1103503,0.02830531498328505,0.05298309111982478,0.07149414183740326,0.10428698426737398,0.1608432419304705
35,10,450,7,30,0.4856929287844922,131.29716762788837,158514,959196,0.021175025750732906,0.040761220855800064,0.05503150555256694,0.0801733952184955,0.12157786312703556
35,10,450,7,60,0.4616251846050161,150.6758750562314,171747,835832,0.021570124139779285,0.04105609739756315,0.055422620813752044,0.08125077766823956,0.1238370868787029
35,10,450,20,30,0.4856929287844922,131.29716762788837,158514,959196,0.021175025750732906,0.040761220855800064,0.05503150555256694,0.0801733952184955,0.12157786312703556
35,10,450,20,60,0.4616251846050161,150.6758750562314,171747,835832,0.021570124139779285,0.04105609739756315,0.055422620813752044,0.08125077766823956,0.1238370868787029
35,10,700,7,30,0.4959583845342365,140.5528581042397,85694,896031,0.018795108651374785,0.036589135866951034,0.04920811891552859,0.07203880222894074,0.10887346531537413
35,10,700,7,60,0.4701953730688215,163.5933435000273,95252,769834,0.018713125167243848,0.036031144376579886,0.048698810392889896,0.07158296463913,0.1086818716762315
35,10,700,20,30,0.4959583845342365,140.5528581042397,85694,896031,0.018795108651374785,0.036589135866951034,0.04920811891552859,0.07203880222894074,0.10887346531537413
35,10,700,20,60,0.4701953730688215,163.5933435000273,95252,769834,0.018713125167243848,0.036031144376579886,0.048698810392889896,0.07158296463913,0.1086818716762315
35,50,200,7,30,0.48147292897465477,103.02736031269863,453716,1222391,0.02724741919729448,0.05122828947529882,0.0690261953826558,0.10034350711024541,0.1544620338336915
35,50,200,7,60,0.46937101577689805,114.1234863471069,473879,1103539,0.028309828651275577,0.05299767384750335,0.07151355774467417,0.10431167362458418,0.16084886895705544
35,50,200,20,30,0.48147292897465477,103.02736031269863,453716,1222391,0.02724741919729448,0.05122828947529882,0.0690261953826558,0.10034350711024541,0.1544620338336915
35,50,200,20,60,0.46937101577689805,114.1234863471069,473879,1103539,0.028309828651275577,0.05299767384750335,0.07151355774467417,0.10431167362458418,0.16084886895705544
35,50,450,7,30,0.4857278096630562,131.30373831775702,158491,959148,0.021165659522826508,0.040758047767393564,0.05503113179613574,0.0801721944892759,0.12159645852360637
35,50,450,7,60,0.461650269985373,150.67713696048813,171742,835825,0.021572697634074118,0.04105165554990578,0.055421888553225856,0.08125983309903388,0.12385008823617384
35,50,450,20,30,0.4857278096630562,131.30373831775702,158491,959148,0.021165659522826508,0.040758047767393564,0.05503113179613574,0.0801721944892759,0.12159645852360637
35,50,450,20,60,0.461650269985373,150.67713696048813,171742,835825,0.021572697634074118,0.04105165554990578,0.055421888553225856,0.08125983309903388,0.12385008823617384
35,50,700,7,30,0.4960069452492335,140.568232222722,85687,895933,0.0187926999005506,0.03659202194806978,0.04921684992069719,0.0720556113012915,0.10888872270582733
35,50,700,7,60,0.4702490437199496,163.60439449090782,95236,769782,0.018719585544998453,0.03603487740685025,0.04870729635143456,0.07158650111330221,0.10870869934604863
35,50,700,20,30,0.4960069452492335,140.568232222722,85687,895933,0.0187926999005506,0.03659202194806978,0.04921684992069719,0.0720556113012915,0.10888872270582733
35,50,700,20,60,0.4702490437199496,163.60439449090782,95236,769782,0.018719585544998453,0.03603487740685025,0.04870729635143456,0.07158650111330221,0.10870869934604863
35,100,200,7,30,0.48147292897465477,103.02736031269863,453716,1222391,0.02724741919729448,0.05122828947529882,0.0690261953826558,0.10034350711024541,0.1544620338336915
35,100,200,7,60,0.46937101577689805,114.1234863471069,473879,1103539,0.028309828651275577,0.05299767384750335,0.07151355774467417,0.10431167362458418,0.16084886895705544
35,100,200,20,30,0.48147292897465477,103.02736031269863,453716,1222391,0.02724741919729448,0.05122828947529882,0.0690261953826558,0.10034350711024541,0.1544620338336915
35,100,200,20,60,0.46937101577689805,114.1234863471069,473879,1103539,0.028309828651275577,0.05299767384750335,0.07151355774467417,0.10431167362458418,0.16084886895705544
35,100,450,7,30,0.4857278096630562,131.30373831775702,158491,959148,0.021165659522826508,0.040758047767393564,0.05503113179613574,0.0801721944892759,0.12159645852360637
35,100,450,7,60,0.461650269985373,150.67713696048813,171742,835825,0.021572697634074118,0.04105165554990578,0.055421888553225856,0.08125983309903388,0.12385008823617384
35,100,450,20,30,0.4857278096630562,131.30373831775702,158491,959148,0.021165659522826508,0.040758047767393564,0.05503113179613574,0.0801721944892759,0.12159645852360637
35,100,450,20,60,0.461650269985373,150.67713696048813,171742,835825,0.021572697634074118,0.04105165554990578,0.055421888553225856,0.08125983309903388,0.12385008823617384
35,100,700,7,30,0.4960069452492335,140.568232222722,85687,895933,0.0187926999005506,0.03659202194806978,0.04921684992069719,0.0720556113012915,0.10888872270582733
35,100,700,7,60,0.4702490437199496,163.60439449090782,95236,769782,0.018719585544998453,0.03603487740685025,0.04870729635143456,0.07158650111330221,0.10870869934604863
35,100,700,20,30,0.4960069452492335,140.568232222722,85687,895933,0.0187926999005506,0.03659202194806978,0.04921684992069719,0.0720556113012915,0.10888872270582733
35,100,700,20,60,0.4702490437199496,163.60439449090782,95236,769782,0.018719585544998453,0.03603487740685025,0.04870729635143456,0.07158650111330221,0.10870869934604863
50,10,200,7,30,0.4893024189626385,100.13223622801006,450858,1257734,0.02630842451583562,0.04947946068087529,0.06693704710216945,0.0975349318695368,0.15038394445884423
50,10,200,7,60,0.4718581971422571,110.22388609647807,470509,1142581,0.02712893002771795,0.050931181246668726,0.06880650037065206,0.1006003075493116,0.15555045987986849
50,10,200,20,30,0.4893024189626385,100.13223622801006,450858,1257734,0.02630842451583562,0.04947946068087529,0.06693704710216945,0.0975349318695368,0.15038394445884423
50,10,200,20,60,0.4718581971422571,110.22388609647807,470509,1142581,0.02712893002771795,0.050931181246668726,0.06880650037065206,0.1006003075493116,0.15555045987986849
50,10,450,7,30,0.5003562760346486,126.70004496986415,157126,993999,0.0205291957034162,0.039490985403405836,0.053604681694850796,0.07802623543886865,0.11838241285957028
50,10,450,7,60,0.4738456345228585,144.288612241531,169928,872832,0.020692412743804078,0.03937527496700396,0.05333099611379968,0.07828539741897639,0.11943993804076844
50,10,450,20,30,0.5003562760346486,126.70004496986415,157126,993999,0.0205291957034162,0.039490985403405836,0.053604681694850796,0.07802623543886865,0.11838241285957028
50,10,450,20,60,0.4738456345228585,144.288612241531,169928,872832,0.020692412743804078,0.03937527496700396,0.05333099611379968,0.07828539741897639,0.11943993804076844
50,10,700,7,30,0.5127641660784946,135.44759755819507,84922,929804,0.018123174346421397,0.03539240528111301,0.04797570240609849,0.07018145759751518,0.10593738035112776
50,10,700,7,60,0.4845397939563473,156.2591495681585,94259,805967,0.017746384157167724,0.03438974548585736,0.046635904447700716,0.0688799913644107,0.10474994633775328
50,10,700,20,30,0.5127641660784946,135.44759755819507,84922,929804,0.018123174346421397,0.03539240528111301,0.04797570240609849,0.07018145759751518,0.10593738035112776
50,10,700,20,60,0.4845397939563473,156.2591495681585,94259,805967,0.017746384157167724,0.03438974548585736,0.046635904447700716,0.0688799913644107,0.10474994633775328
50,50,200,7,30,0.48927950415454907,100.13096243291592,450865,1257750,0.026306499701848538,0.049478036175710595,0.06693222023454581,0.0975297157622739,0.15037885112303717
50,50,200,7,60,0.4718470644128119,110.22205321197269,470510,1142600,0.02712147733239979,0.05092245755294941,0.06880273061438824,0.10059163311745142,0.1555469980745668
50,50,200,20,30,0.48927950415454907,100.13096243291592,450865,1257750,0.026306499701848538,0.049478036175710595,0.06693222023454581,0.0975297157622739,0.15037885112303717
50,50,200,20,60,0.4718470644128119,110.22205321197269,470510,1142600,0.02712147733239979,0.05092245755294941,0.06880273061438824,0.10059163311745142,0.1555469980745668
50,50,450,7,30,0.5003562760346486,126.70004496986415,157126,993999,0.0205291957034162,0.039490985403405836,0.053604681694850796,0.07802623543886865,0.11838241285957028
50,50,450,7,60,0.47386345825660314,144.28828162056016,169926,872834,0.020693511022714516,0.03937862182270627,0.05333889376445006,0.07828636373010217,0.11944310143738672
50,50,450,20,30,0.5003562760346486,126.70004496986415,157126,993999,0.0205291957034162,0.039490985403405836,0.053604681694850796,0.07802623543886865,0.11838241285957028
50,50,450,20,60,0.47386345825660314,144.28828162056016,169926,872834,0.020693511022714516,0.03937862182270627,0.05333889376445006,0.07828636373010217,0.11944310143738672
50,50,700,7,30,0.5127642258319612,135.45284199929444,84921,929768,0.018126027137952694,0.03539162457731391,0.04797433338209102,0.07018202390273702,0.10593933110195232
50,50,700,7,60,0.48449748498190476,156.2529457232577,94253,805999,0.01774195749622518,0.03438838013446667,0.046629090110533636,0.06887973806419115,0.10473710265149212
50,50,700,20,30,0.5127642258319612,135.45284199929444,84921,929768,0.018126027137952694,0.03539162457731391,0.04797433338209102,0.07018202390273702,0.10593933110195232
50,50,700,20,60,0.48449748498190476,156.2529457232577,94253,805999,0.01774195749622518,0.03438838013446667,0.046629090110533636,0.06887973806419115,0.10473710265149212
50,100,200,7,30,0.48927950415454907,100.13096243291592,450865,1257750,0.026306499701848538,0.049478036175710595,0.06693222023454581,0.0975297157622739,0.15037885112303717
50,100,200,7,60,0.4718470644128119,110.22205321197269,470510,1142600,0.02712147733239979,0.05092245755294941,0.06880273061438824,0.10059163311745142,0.1555469980745668
50,100,200,20,30,0.48927950415454907,100.13096243291592,450865,1257750,0.026306499701848538,0.049478036175710595,0.06693222023454581,0.0975297157622739,0.15037885112303717
50,100,200,20,60,0.4718470644128119,110.22205321197269,470510,1142600,0.02712147733239979,0.05092245755294941,0.06880273061438824,0.10059163311745142,0.1555469980745668
50,100,450,7,30,0.5003562760346486,126.70004496986415,157126,993999,0.0205291957034162,0.039490985403405836,0.053604681694850796,0.07802623543886865,0.11838241285957028
50,100,450,7,60,0.47386345825660314,144.28828162056016,169926,872834,0.020693511022714516,0.03937862182270627,0.05333889376445006,0.07828636373010217,0.11944310143738672
50,100,450,20,30,0.5003562760346486,126.70004496986415,157126,993999,0.0205291957034162,0.039490985403405836,0.053604681694850796,0.07802623543886865,0.11838241285957028
50,100,450,20,60,0.47386345825660314,144.28828162056016,169926,872834,0.020693511022714516,0.03937862182270627,0.05333889376445006,0.07828636373010217,0.11944310143738672
50,100,700,7,30,0.5127642258319612,135.45284199929444,84921,929768,0.018126027137952694,0.03539162457731391,0.04797433338209102,0.07018202390273702,0.10593933110195232
50,100,700,7,60,0.48449748498190476,156.2529457232577,94253,805999,0.01774195749622518,0.03438838013446667,0.046629090110533636,0.06887973806419115,0.10473710265149212
50,100,700,20,30,0.5127642258319612,135.45284199929444,84921,929768,0.018126027137952694,0.03539162457731391,0.04797433338209102,0.07018202390273702,0.10593933110195232
50,100,700,20,60,0.48449748498190476,156.2529457232577,94253,805999,0.01774195749622518,0.03438838013446667,0.046629090110533636,0.06887973806419115,0.10473710265149212
80,10,200,7,30,0.5035829801997709,97.44179360150906,448429,1292461,0.025496320585301994,0.04809816311672074,0.06511608474066143,0.09502491757971808,0.14672318932640907
80,10,200,7,60,0.4828767506782163,106.58044582106226,467665,1181640,0.02606546833214854,0.048928607697775975,0.06624267966554957,0.09707017365695135,0.1504104464980874
80,10,200,20,30,0.5035829801997709,97.44179360150906,448429,1292461,0.025496320585301994,0.04809816311672074,0.06511608474066143,0.09502491757971808,0.14672318932640907
80,10,200,20,60,0.4828767506782163,106.58044582106226,467665,1181640,0.02606546833214854,0.048928607697775975,0.06624267966554957,0.09707017365695135,0.1504104464980874
80,10,450,7,30,0.5240046052727575,122.64116132500273,156058,1026896,0.019902697059877534,0.0383388385970926,0.05192736168024805,0.07581098767548028,0.11518108941898693
80,10,450,7,60,0.49463212386199895,138.36062832608974,168536,910228,0.019698361289698846,0.03765869650241478,0.05121244347570059,0.07526685621624472,0.11512939615129396
80,10,450,20,30,0.5240046052727575,122.64116132500273,156058,1026896,0.019902697059877534,0.0383388385970926,0.05192736168024805,0.07581098767548028,0.11518108941898693
80,10,450,20,60,0.49463212386199895,138.36062832608974,168536,910228,0.019698361289698846,0.03765869650241478,0.05121244347570059,0.07526685621624472,0.11512939615129396
80,10,700,7,30,0.5383490873712717,130.82457687597193,84231,962661,0.017565892874023152,0.03425401049798423,0.04657714397903312,0.0681745702796727,0.10324714515286275
80,10,700,7,60,0.5083436958940073,149.67734796911844,93326,841408,0.016997699094850535,0.03298875218681068,0.044839126796987906,0.06636019624248878,0.10106511941887883
80,10,700,20,30,0.5383490873712717,130.82457687597193,84231,962661,0.017565892874023152,0.03425401049798423,0.04657714397903312,0.0681745702796727,0.10324714515286275
80,10,700,20,60,0.5083436958940073,149.67734796911844,93326,841408,0.016997699094850535,0.03298875218681068,0.044839126796987906,0.06636019624248878,0.10106511941887883
80,50,200,7,30,0.5035829801997709,97.44179360150906,448429,1292461,0.025496320585301994,0.04809816311672074,0.06511608474066143,0.09502491757971808,0.14672318932640907
80,50,200,7,60,0.4828767506782163,106.58044582106226,467665,1181640,0.02606546833214854,0.048928607697775975,0.06624267966554957,0.09707017365695135,0.1504104464980874
80,50,200,20,30,0.5035829801997709,97.44179360150906,448429,1292461,0.025496320585301994,0.04809816311672074,0.06511608474066143,0.09502491757971808,0.14672318932640907
80,50,200,20,60,0.4828767506782163,106.58044582106226,467665,1181640,0.02606546833214854,0.048928607697775975,0.06624267966554957,0.09707017365695135,0.1504104464980874
80,50,450,7,30,0.5240046052727575,122.64116132500273,156058,1026896,0.019902697059877534,0.0383388385970926,0.05192736168024805,0.07581098767548028,0.11518108941898693
80,50,450,7,60,0.49463212386199895,138.36062832608974,168536,910228,0.019698361289698846,0.03765869650241478,0.05121244347570059,0.07526685621624472,0.11512939615129396
80,50,450,20,30,0.5240046052727575,122.64116132500273,156058,1026896,0.019902697059877534,0.0383388385970926,0.05192736168024805,0.07581098767548028,0.11518108941898693
80,50,450,20,60,0.49463212386199895,138.36062832608974,168536,910228,0.019698361289698846,0.03765869650241478,0.05121244347570059,0.07526685621624472,0.11512939615129396
80,50,700,7,30,0.5383490873712717,130.82457687597193,84231,962661,0.017565892874023152,0.03425401049798423,0.04657714397903312,0.0681745702796727,0.10324714515286275
80,50,700,7,60,0.5083508240982674,149.67058848696172,93326,841446,0.016998119903119155,0.032989639263838674,0.04483947870689266,0.06635719939247438,0.10106768586457122
80,50,700,20,30,0.5383490873712717,130.82457687597193,84231,962661,0.017565892874023152,0.03425401049798423,0.04657714397903312,0.0681745702796727,0.10324714515286275
80,50,700,20,60,0.5083508240982674,149.67058848696172,93326,841446,0.016998119903119155,0.032989639263838674,0.04483947870689266,0.06635719939247438,0.10106768586457122
80,100,200,7,30,0.5035829801997709,97.44179360150906,448429,1292461,0.025496320585301994,0.04809816311672074,0.06511608474066143,0.09502491757971808,0.14672318932640907
80,100,200,7,60,0.4828767506782163,106.58044582106226,467665,1181640,0.02606546833214854,0.048928607697775975,0.06624267966554957,0.09707017365695135,0.1504104464980874
80,100,200,20,30,0.5035829801997709,97.44179360150906,448429,1292461,0.025496320585301994,0.04809816311672074,0.06511608474066143,0.09502491757971808,0.14672318932640907
80,100,200,20,60,0.4828767506782163,106.58044582106226,467665,1181640,0.02606546833214854,0.048928607697775975,0.06624267966554957,0.09707017365695135,0.1504104464980874
80,100,450,7,30,0.5240046052727575,122.64116132500273,156058,1026896,0.019902697059877534,0.0383388385970926,0.05192736168024805,0.07581098767548028,0.11518108941898693
80,100,450,7,60,0.49463212386199895,138.36062832608974,168536,910228,0.019698361289698846,0.03765869650241478,0.05121244347570059,0.07526685621624472,0.11512939615129396
80,100,450,20,30,0.5240046052727575,122.64116132500273,156058,1026896,0.019902697059877534,0.0383388385970926,0.05192736168024805,0.07581098767548028,0.11518108941898693
80,100,450,20,60,0.49463212386199895,138.36062832608974,168536,910228,0.019698361289698846,0.03765869650241478,0.05121244347570059,0.07526685621624472,0.11512939615129396
80,100,700,7,30,0.5383490873712717,130.82457687597193,84231,962661,0.017565892874023152,0.03425401049798423,0.04657714397903312,0.0681745702796727,0.10324714515286275
80,100,700,7,60,0.5083508240982674,149.67058848696172,93326,841446,0.016998119903119155,0.032989639263838674,0.04483947870689266,0.06635719939247438,0.10106768586457122
80,100,700,20,30,0.5383490873712717,130.82457687597193,84231,962661,0.017565892874023152,0.03425401049798423,0.04657714397903312,0.0681745702796727,0.10324714515286275
80,100,700,20,60,0.5083508240982674,149.67058848696172,93326,841446,0.016998119903119155,0.032989639263838674,0.04483947870689266,0.06635719939247438,0.10106768586457122
100,10,200,7,30,0.5130422628957297,96.48933857076858,447680,1305219,0.025181214799968436,0.04750390547486667,0.06436314518866183,0.0939627755955131,0.14517870181172662
100,10,200,7,60,0.49046533306041856,105.3820950449218,466662,1195077,0.02564604623802483,0.04823120183887733,0.06539327591443898,0.09596787487333452,0.14892847908544804
100,10,200,20,30,0.5130422628957297,96.48933857076858,447680,1305219,0.025181214799968436,0.04750390547486667,0.06436314518866183,0.0939627755955131,0.14517870181172662
100,10,200,20,60,0.49046533306041856,105.3820950449218,466662,1195077,0.02564604623802483,0.04823120183887733,0.06539327591443898,0.09596787487333452,0.14892847908544804
100,10,450,7,30,0.53699291048743,121.09727996861503,155537,1039988,0.019638688138709292,0.037809090104885826,0.05124962980342081,0.07482586337534664,0.11377438970449659
100,10,450,7,60,0.50755294589298,136.4439954323553,167953,923014,0.019450409202894,0.037202035938783164,0.05057019720177592,0.07429464775182175,0.11366024784022778
100,10,450,20,30,0.53699291048743,121.09727996861503,155537,1039988,0.019638688138709292,0.037809090104885826,0.05124962980342081,0.07482586337534664,0.11377438970449659
100,10,450,20,60,0.50755294589298,136.4439954323553,167953,923014,0.019450409202894,0.037202035938783164,0.05057019720177592,0.07429464775182175,0.11366024784022778
100,10,700,7,30,0.5513649354617939,129.17742087685755,83978,974936,0.01725651735088252,0.033769396144977724,0.04591173164187188,0.06733775345253432,0.10190207357200882
100,10,700,7,60,0.5214181449430565,147.22714344332724,93018,855411,0.016682039393928767,0.0323587141152031,0.04410511438361209,0.06526453365692048,0.09957903276904319
100,10,700,20,30,0.5513649354617939,129.17742087685755,83978,974936,0.01725651735088252,0.033769396144977724,0.04591173164187188,0.06733775345253432,0.10190207357200882
100,10,700,20,60,0.5214181449430565,147.22714344332724,93018,855411,0.016682039393928767,0.0323587141152031,0.04410511438361209,0.06526453365692048,0.09957903276904319
100,50,200,7,30,0.5130422628957297,96.48933857076858,447680,1305219,0.025181214799968436,0.04750390547486667,0.06436314518866183,0.0939627755955131,0.14517870181172662
100,50,200,7,60,0.49046533306041856,105.3820950449218,466662,1195077,0.02564604623802483,0.04823120183887733,0.06539327591443898,0.09596787487333452,0.14892847908544804
100,50,200,20,30,0.5130422628957297,96.48933857076858,447680,1305219,0.025181214799968436,0.04750390547486667,0.06436314518866183,0.0939627755955131,0.14517870181172662
100,50,200,20,60,0.49046533306041856,105.3820950449218,466662,1195077,0.02564604623802483,0.04823120183887733,0.06539327591443898,0.09596787487333452,0.14892847908544804
100,50,450,7,30,0.53699291048743,121.09727996861503,155537,1039988,0.019638688138709292,0.037809090104885826,0.05124962980342081,0.07482586337534664,0.11377438970449659
100,50,450,7,60,0.50755294589298,136.4439954323553,167953,923014,0.019450409202894,0.037202035938783164,0.05057019720177592,0.07429464775182175,0.11366024784022778
100,50,450,20,30,0.53699291048743,121.09727996861503,155537,1039988,0.019638688138709292,0.037809090104885826,0.05124962980342081,0.07482586337534664,0.11377438970449659
100,50,450,20,60,0.50755294589298,136.4439954323553,167953,923014,0.019450409202894,0.037202035938783164,0.05057019720177592,0.07429464775182175,0.11366024784022778
100,50,700,7,30,0.5513649354617939,129.17742087685755,83978,974936,0.01725651735088252,0.033769396144977724,0.04591173164187188,0.06733775345253432,0.10190207357200882
100,50,700,7,60,0.5214181449430565,147.22714344332724,93018,855411,0.016682039393928767,0.0323587141152031,0.04410511438361209,0.06526453365692048,0.09957903276904319
100,50,700,20,30,0.5513649354617939,129.17742087685755,83978,974936,0.01725651735088252,0.033769396144977724,0.04591173164187188,0.06733775345253432,0.10190207357200882
100,50,700,20,60,0.5214181449430565,147.22714344332724,93018,855411,0.016682039393928767,0.0323587141152031,0.04410511438361209,0.06526453365692048,0.09957903276904319
100,100,200,7,30,0.5130422628957297,96.48933857076858,447680,1305219,0.025181214799968436,0.04750390547486667,0.06436314518866183,0.0939627755955131,0.14517870181172662
100,100,200,7,60,0.49046533306041856,105.3820950449218,466662,1195077,0.02564604623802483,0.04823120183887733,0.06539327591443898,0.09596787487333452,0.14892847908544804
100,100,200,20,30,0.5130422628957297,96.48933857076858,447680,1305219,0.025181214799968436,0.04750390547486667,0.06436314518866183,0.0939627755955131,0.14517870181172662
100,100,200,20,60,0.49046533306041856,105.3820950449218,466662,1195077,0.02564604623802483,0.04823120183887733,0.06539327591443898,0.09596787487333452,0.14892847908544804
100,100,450,7,30,0.53699291048743,121.09727996861503,155537,1039988,0.019638688138709292,0.037809090104885826,0.05124962980342081,0.07482586337534664,0.11377438970449659
100,100,450,7,60,0.50755294589298,136.4439954323553,167953,923014,0.019450409202894,0.037202035938783164,0.05057019720177592,0.07429464775182175,0.11366024784022778
100,100,450,20,30,0.53699291048743,121.09727996861503,155537,1039988,0.019638688138709292,0.037809090104885826,0.05124962980342081,0.07482586337534664,0.11377438970449659
100,100,450,20,60,0.50755294589298,136.4439954323553,167953,923014,0.019450409202894,0.037202035938783164,0.05057019720177592,0.07429464775182175,0.11366024784022778
100,100,700,7,30,0.5513649354617939,129.17742087685755,83978,974936,0.01725651735088252,0.033769396144977724,0.04591173164187188,0.06733775345253432,0.10190207357200882
100,100,700,7,60,0.5214181449430565,147.22714344332724,93018,855411,0.016682039393928767,0.0323587141152031,0.04410511438361209,0.06526453365692048,0.09957903276904319
100,100,700,20,30,0.5513649354617939,129.17742087685755,83978,974936,0.01725651735088252,0.033769396144977724,0.04591173164187188,0.06733775345253432,0.10190207357200882
100,100,700,20,60,0.5214181449430565,147.22714344332724,93018,855411,0.016682039393928767,0.0323587141152031,0.04410511438361209,0.06526453365692048,0.09957903276904319
150,10,200,7,30,0.5309848723064731,95.3126259618128,446541,1321333,0.0248158488435542,0.046801222704647504,0.0634911865517625,0.09281309102247504,0.1435277859555464
150,10,200,7,60,0.5070489295158314,103.64769088327881,465278,1215075,0.025204205501718,0.04736497747052651,0.06429561961195811,0.09434561652572887,0.14643787420529597
150,10,200,20,30,0.5309848723064731,95.3126259618128,446541,1321333,0.0248158488435542,0.046801222704647504,0.0634911865517625,0.09281309102247504,0.1435277859555464
150,10,200,20,60,0.5070489295158314,103.64769088327881,465278,1215075,0.025204205501718,0.04736497747052651,0.06429561961195811,0.09434561652572887,0.14643787420529597
150,10,450,7,30,0.561147523077226,119.38274036802652,155010,1054924,0.019316083433498527,0.037237753620166,0.05064345867569607,0.0739446633122386,0.112550287982831
150,10,450,7,60,0.5311419511932163,133.82224999123363,167240,941097,0.01905754667159708,0.0364383267612159,0.04956662278171113,0.07294040890577698,0.11174193520965427
150,10,450,20,30,0.561147523077226,119.38274036802652,155010,1054924,0.019316083433498527,0.037237753620166,0.05064345867569607,0.0739446633122386,0.112550287982831
150,10,450,20,60,0.5311419511932163,133.82224999123363,167240,941097,0.01905754667159708,0.0364383267612159,0.04956662278171113,0.07294040890577698,0.11174193520965427
150,10,700,7,30,0.5773157666078759,127.15378231352958,83654,990452,0.017097244490394285,0.03334235278438531,0.0453792813786029,0.06649489324066184,0.10075097026408145
150,10,700,7,60,0.5473443226202604,144.2266472898179,92553,873207,0.016413061278711692,0.03183895685673615,0.043344819727739244,0.0641348500412846,0.09785194117775052
150,10,700,20,30,0.5773157666078759,127.15378231352958,83654,990452,0.017097244490394285,0.03334235278438531,0.0453792813786029,0.06649489324066184,0.10075097026408145
150,10,700,20,60,0.5473443226202604,144.2266472898179,92553,873207,0.016413061278711692,0.03183895685673615,0.043344819727739244,0.0641348500412846,0.09785194117775052
150,50,200,7,30,0.5309848723064731,95.3126259618128,446541,1321333,0.0248158488435542,0.046801222704647504,0.0634911865517625,0.09281309102247504,0.1435277859555464
150,50,200,7,60,0.5070489295158314,103.64769088327881,465278,1215075,0.025204205501718,0.04736497747052651,0.06429561961195811,0.09434561652572887,0.14643787420529597
150,50,200,20,30,0.5309848723064731,95.3126259618128,446541,1321333,0.0248158488435542,0.046801222704647504,0.0634911865517625,0.09281309102247504,0.1435277859555464
150,50,200,20,60,0.5070489295158314,103.64769088327881,465278,1215075,0.025204205501718,0.04736497747052651,0.06429561961195811,0.09434561652572887,0.14643787420529597
150,50,450,7,30,0.561147523077226,119.38274036802652,155010,1054924,0.019316083433498527,0.037237753620166,0.05064345867569607,0.0739446633122386,0.112550287982831
150,50,450,7,60,0.5311419511932163,133.82224999123363,167240,941097,0.01905754667159708,0.0364383267612159,0.04956662278171113,0.07294040890577698,0.11174193520965427
150,50,450,20,30,0.561147523077226,119.38274036802652,155010,1054924,0.019316083433498527,0.037237753620166,0.05064345867569607,0.0739446633122386,0.112550287982831
150,50,450,20,60,0.5311419511932163,133.82224999123363,167240,941097,0.01905754667159708,0.0364383267612159,0.04956662278171113,0.07294040890577698,0.11174193520965427
150,50,700,7,30,0.5773157666078759,127.15378231352958,83654,990452,0.017097244490394285,0.03334235278438531,0.0453792813786029,0.06649489324066184,0.10075097026408145
150,50,700,7,60,0.5473443226202604,144.2266472898179,92553,873207,0.016413061278711692,0.03183895685673615,0.043344819727739244,0.0641348500412846,0.09785194117775052
150,50,700,20,30,0.5773157666078759,127.15378231352958,83654,990452,0.017097244490394285,0.03334235278438531,0.0453792813786029,0.06649489324066184,0.10075097026408145
150,50,700,20,60,0.5473443226202604,144.2266472898179,92553,873207,0.016413061278711692,0.03183895685673615,0.043344819727739244,0.0641348500412846,0.09785194117775052
150,100,200,7,30,0.5309848723064731,95.3126259618128,446541,1321333,0.0248158488435542,0.046801222704647504,0.0634911865517625,0.09281309102247504,0.1435277859555464
150,100,200,7,60,0.5070489295158314,103.64769088327881,465278,1215075,0.025204205501718,0.04736497747052651,0.06429561961195811,0.09434561652572887,0.14643787420529597
150,100,200,20,30,0.5309848723064731,95.3126259618128,446541,1321333,0.0248158488435542,0.046801222704647504,0.0634911865517625,0.09281309102247504,0.1435277859555464
150,100,200,20,60,0.5070489295158314,103.64769088327881,465278,1215075,0.025204205501718,0.04736497747052651,0.06429561961195811,0.09434561652572887,0.14643787420529597
150,100,450,7,30,0.561147523077226,119.38274036802652,155010,1054924,0.019316083433498527,0.037237753620166,0.05064345867569607,0.0739446633122386,0.112550287982831
150,100,450,7,60,0.5311419511932163,133.82224999123363,167240,941097,0.01905754667159708,0.0364383267612159,0.04956662278171113,0.07294040890577698,0.11174193520965427
150,100,450,20,30,0.561147523077226,119.38274036802652,155010,1054924,0.019316083433498527,0.037237753620166,0.05064345867569607,0.0739446633122386,0.112550287982831
150,100,450,20,60,0.5311419511932163,133.82224999123363,167240,941097,0.01905754667159708,0.0364383267612159,0.04956662278171113,0.07294040890577698,0.11174193520965427
150,100,700,7,30,0.5773157666078759,127.15378231352958,83654,990452,0.017097244490394285,0.03334235278438531,0.0453792813786029,0.06649489324066184,0.10075097026408145
150,100,700,7,60,0.5473443226202604,144.2266472898179,92553,873207,0.016413061278711692,0.03183895685673615,0.043344819727739244,0.0641348500412846,0.09785194117775052
150,100,700,20,30,0.5773157666078759,127.15378231352958,83654,990452,0.017097244490394285,0.03334235278438531,0.0453792813786029,0.06649489324066184,0.10075097026408145
150,100,700,20,60,0.5473443226202604,144.2266472898179,92553,873207,0.016413061278711692,0.03183895685673615,0.043344819727739244,0.0641348500412846,0.09785194117775052
