Anzahl_Slots,Max_Domains,Max_Events,Mean_Cosine_Prev_Pseudonym,Avg_Utility_ThirdParty,Total_Resets,Total_Segments,kNN_Accuracy_k1,kNN_Accuracy_k3,kNN_Accuracy_k5,kNN_Accuracy_k10,kNN_Accuracy_k20
5,5,50,0.4902419262517113,303.7155677251567,552926,552926,0.034521798577024775,0.06248575758781465,0.0796725059049493,0.10964758394432528,0.15289749442059156
5,5,100,0.49759152044424304,327.86713289443884,512196,512196,0.030214995821911925,0.05627142734421979,0.07177525790908168,0.10011401885215816,0.1413267577255582
5,5,200,0.5000299931630784,334.92400140405744,501404,501404,0.028611658463035795,0.05362940862059337,0.06867117135084683,0.09602037478759642,0.13584255410806456
5,5,450,0.5021259454897089,336.80077415214294,498610,498610,0.027616774633481077,0.05245382162411504,0.06724494093580152,0.0942981488538136,0.1340145604781292
5,5,700,0.5025998460848459,336.9805475735636,498344,498344,0.02750710352688103,0.05235540108840479,0.06712030244168686,0.09411972452763553,0.13381920922093976
5,5,800,0.5028391693614124,336.9399804174926,498404,498404,0.027461657611094613,0.05240527764624682,0.06717040794215134,0.09414651567804432,0.13379106106692562
5,10,50,0.5002726557957001,320.1807348825149,524492,524492,0.03535230279966139,0.06371307855982551,0.0807238241956026,0.11126003828466402,0.15503954302448847
5,10,100,0.5146275442919964,352.8640462942729,475912,475912,0.03018835414950663,0.056594496461530704,0.07212677974079242,0.10102077695036057,0.14226579703810788
5,10,200,0.5191081371223552,364.23944960297064,461049,461049,0.028131500122546626,0.053480215768822836,0.0682226834891736,0.0967858080160677,0.13601591154085574
5,10,450,0.5190016091581828,366.39227211240564,458340,458340,0.027865776497796396,0.052469782257712615,0.06716411397652398,0.09548370205524283,0.1343653183226426
5,10,700,0.5201479494966101,366.3267338827543,458422,458422,0.02738961044627003,0.05192159189567691,0.06673327196338745,0.09497144552399317,0.1339988045948929
5,10,800,0.5199723951847695,366.324336587228,458425,458425,0.027291269018923488,0.05204559088182364,0.06694006653214811,0.09510825107705731,0.13406118776244752
5,15,50,0.5006238139966928,320.6012821589755,523804,523804,0.03527273560339363,0.06369367167871952,0.08089285305190491,0.11122099105772389,0.15508663545906484
5,15,100,0.5161179909899238,354.51029128017194,473702,473702,0.03043052383143833,0.05746017538452445,0.07317680735990137,0.10196283739566225,0.14299918514171356
5,15,200,0.5210665096168874,366.0496546192092,458769,458769,0.02839555418958125,0.05349533207344001,0.06799718376786575,0.09627503166081405,0.13589627895520404
5,15,450,0.5202836530407264,368.3160593579064,455946,455946,0.027860755440337233,0.05181096006983283,0.06637189491738056,0.0945682164115926,0.13357722186399268
5,15,700,0.52125920254318,367.89406071387106,456469,456469,0.027331538395816583,0.05116667287373294,0.06584455899524393,0.09358138230635596,0.13255883751141917
5,15,800,0.5207877526440448,367.9754803141325,456368,456368,0.02717543736633594,0.05122401220068015,0.06598403043158153,0.09370069768257196,0.13278319251130666
5,20,50,0.5006787894209415,320.6667863287359,523697,523697,0.035331498939272135,0.06372196136315465,0.08088264779061174,0.11125899136332651,0.15513550774589124
5,20,100,0.5164622378076483,354.6330685182604,473538,473538,0.030468515726298627,0.05747585199075893,0.07310289776110893,0.10197914422918541,0.14305926873872846
5,20,200,0.5225228715203324,366.37228846007,458365,458365,0.028156600089448366,0.05351193917511154,0.0682883728033336,0.09666968463997033,0.13647638890403935
5,20,450,0.5207434839789222,368.7795148153272,455373,455373,0.027928752912447598,0.05202987441064798,0.06639611922533835,0.09457302035913416,0.1333895509834795
5,20,700,0.521379716042975,368.3912006721465,455853,455853,0.02748912478364736,0.05147053984508164,0.06607393172799127,0.09396450171436845,0.1327072543122454
5,20,800,0.5211965323340367,368.3209062595956,455940,455940,0.027220686932491116,0.0514080800105277,0.06599991226915822,0.09381936219678028,0.13283765407729087
5,30,50,0.5007157114045105,320.68821873651325,523662,523662,0.03534149890578274,0.06372812997696987,0.08088805374459097,0.11126451795241969,0.15512296099392356
5,30,100,0.516541669819678,354.72445798198623,473416,473416,0.030465805971914763,0.05752023590246211,0.07316609493553239,0.10201176132619091,0.14310035993713774
5,30,200,0.5225448119700954,366.3970685133549,458334,458334,0.028223958946968806,0.053644285608311845,0.06834971876404543,0.09671331387154346,0.13652489232742934
5,30,450,0.5210716158089955,368.8605166570387,455273,455273,0.027831652656757595,0.051927085506937594,0.06655347450870137,0.09465090176663232,0.13354844236315352
5,30,700,0.5213520879936019,368.54157531706267,455667,455667,0.027544237348765654,0.05163200319531588,0.06645862000100951,0.0942552346340639,0.13284481869435355
5,30,800,0.5213005513610252,368.3782709506459,455869,455869,0.02726660509927194,0.051479701405447616,0.06625806975249468,0.0940401738218655,0.13290879616732
5,45,50,0.5007157114045105,320.68821873651325,523662,523662,0.03534149890578274,0.06372812997696987,0.08088805374459097,0.11126451795241969,0.15512296099392356
5,45,100,0.5165695174317892,354.7169652701795,473426,473426,0.030473611504226637,0.057519020924072614,0.0731666617380541,0.10200960656998137,0.14309944954438497
5,45,200,0.5225275376721442,366.4026644731818,458327,458327,0.028228753706414852,0.05363855936918401,0.06835949005840808,0.09671915466468264,0.1365291593120196
5,45,450,0.5211849344978124,368.8807726777493,455248,455248,0.027846360664956243,0.05193872350894457,0.0665351632516782,0.09465170632270763,0.13352941693318807
5,45,700,0.5215817249206759,368.5310612710674,455680,455680,0.02753467345505618,0.051586639747191014,0.06638869382022472,0.09419987710674158,0.13284322331460674
5,45,800,0.5213469118161689,368.45101244243375,455779,455779,0.027269795229705625,0.051540329852845346,0.06631064616842812,0.09410481834397812,0.133035966992775
5,50,50,0.5007157114045105,320.68821873651325,523662,523662,0.03534149890578274,0.06372812997696987,0.08088805374459097,0.11126451795241969,0.15512296099392356
5,50,100,0.5165695174317892,354.7169652701795,473426,473426,0.030473611504226637,0.057519020924072614,0.0731666617380541,0.10200960656998137,0.14309944954438497
5,50,200,0.5225275376721442,366.4026644731818,458327,458327,0.028228753706414852,0.05363855936918401,0.06835949005840808,0.09671915466468264,0.1365291593120196
5,50,450,0.5211827584786842,368.87104951017,455260,455260,0.027843430127839037,0.05193955102578746,0.06653999912138119,0.09465580108070114,0.13353468347757325
5,50,700,0.521504997955309,368.54723697493745,455660,455660,0.027540271254883026,0.05159548786375807,0.06640038625290787,0.09421937409471974,0.13286441645086247
5,50,800,0.5213469118161689,368.45101244243375,455779,455779,0.027269795229705625,0.051540329852845346,0.06631064616842812,0.09410481834397812,0.133035966992775
5,55,50,0.5007157114045105,320.68821873651325,523662,523662,0.03534149890578274,0.06372812997696987,0.08088805374459097,0.11126451795241969,0.15512296099392356
5,55,100,0.5165695174317892,354.7169652701795,473426,473426,0.030473611504226637,0.057519020924072614,0.0731666617380541,0.10200960656998137,0.14309944954438497
5,55,200,0.5225275376721442,366.4026644731818,458327,458327,0.028228753706414852,0.05363855936918401,0.06835949005840808,0.09671915466468264,0.1365291593120196
5,55,450,0.5211827584786842,368.87104951017,455260,455260,0.027843430127839037,0.05193955102578746,0.06653999912138119,0.09465580108070114,0.13353468347757325
5,55,700,0.521504997955309,368.54723697493745,455660,455660,0.027540271254883026,0.05159548786375807,0.06640038625290787,0.09421937409471974,0.13286441645086247
5,55,800,0.5213469118161689,368.45101244243375,455779,455779,0.027269795229705625,0.051540329852845346,0.06631064616842812,0.09410481834397812,0.133035966992775
5,60,50,0.5007157114045105,320.68821873651325,523662,523662,0.03534149890578274,0.06372812997696987,0.08088805374459097,0.11126451795241969,0.15512296099392356
5,60,100,0.5165695174317892,354.7169652701795,473426,473426,0.030473611504226637,0.057519020924072614,0.0731666617380541,0.10200960656998137,0.14309944954438497
5,60,200,0.5225275376721442,366.4026644731818,458327,458327,0.028228753706414852,0.05363855936918401,0.06835949005840808,0.09671915466468264,0.1365291593120196
5,60,450,0.5211827584786842,368.87104951017,455260,455260,0.027843430127839037,0.05193955102578746,0.06653999912138119,0.09465580108070114,0.13353468347757325
5,60,700,0.521504997955309,368.54723697493745,455660,455660,0.027540271254883026,0.05159548786375807,0.06640038625290787,0.09421937409471974,0.13286441645086247
5,60,800,0.5213469118161689,368.45101244243375,455779,455779,0.027269795229705625,0.051540329852845346,0.06631064616842812,0.09410481834397812,0.133035966992775
5,75,50,0.5007157114045105,320.68821873651325,523662,523662,0.03534149890578274,0.06372812997696987,0.08088805374459097,0.11126451795241969,0.15512296099392356
5,75,100,0.5165695174317892,354.7169652701795,473426,473426,0.030473611504226637,0.057519020924072614,0.0731666617380541,0.10200960656998137,0.14309944954438497
5,75,200,0.5225275376721442,366.4026644731818,458327,458327,0.028228753706414852,0.05363855936918401,0.06835949005840808,0.09671915466468264,0.1365291593120196
5,75,450,0.5211827584786842,368.87104951017,455260,455260,0.027843430127839037,0.05193955102578746,0.06653999912138119,0.09465580108070114,0.13353468347757325
5,75,700,0.521504997955309,368.54723697493745,455660,455660,0.027540271254883026,0.05159548786375807,0.06640038625290787,0.09421937409471974,0.13286441645086247
5,75,800,0.5213469118161689,368.45101244243375,455779,455779,0.027269795229705625,0.051540329852845346,0.06631064616842812,0.09410481834397812,0.133035966992775
5,90,50,0.5007157114045105,320.68821873651325,523662,523662,0.03534149890578274,0.06372812997696987,0.08088805374459097,0.11126451795241969,0.15512296099392356
5,90,100,0.5165695174317892,354.7169652701795,473426,473426,0.030473611504226637,0.057519020924072614,0.0731666617380541,0.10200960656998137,0.14309944954438497
5,90,200,0.5225275376721442,366.4026644731818,458327,458327,0.028228753706414852,0.05363855936918401,0.06835949005840808,0.09671915466468264,0.1365291593120196
5,90,450,0.5211827584786842,368.87104951017,455260,455260,0.027843430127839037,0.05193955102578746,0.06653999912138119,0.09465580108070114,0.13353468347757325
5,90,700,0.521504997955309,368.54723697493745,455660,455660,0.027540271254883026,0.05159548786375807,0.06640038625290787,0.09421937409471974,0.13286441645086247
5,90,800,0.5213469118161689,368.45101244243375,455779,455779,0.027269795229705625,0.051540329852845346,0.06631064616842812,0.09410481834397812,0.133035966992775
5,105,50,0.5007157114045105,320.68821873651325,523662,523662,0.03534149890578274,0.06372812997696987,0.08088805374459097,0.11126451795241969,0.15512296099392356
5,105,100,0.5165695174317892,354.7169652701795,473426,473426,0.030473611504226637,0.057519020924072614,0.0731666617380541,0.10200960656998137,0.14309944954438497
5,105,200,0.5225275376721442,366.4026644731818,458327,458327,0.028228753706414852,0.05363855936918401,0.06835949005840808,0.09671915466468264,0.1365291593120196
5,105,450,0.5211827584786842,368.87104951017,455260,455260,0.027843430127839037,0.05193955102578746,0.06653999912138119,0.09465580108070114,0.13353468347757325
5,105,700,0.521504997955309,368.54723697493745,455660,455660,0.027540271254883026,0.05159548786375807,0.06640038625290787,0.09421937409471974,0.13286441645086247
5,105,800,0.5213469118161689,368.45101244243375,455779,455779,0.027269795229705625,0.051540329852845346,0.06631064616842812,0.09410481834397812,0.133035966992775
5,125,50,0.5007157114045105,320.68821873651325,523662,523662,0.03534149890578274,0.06372812997696987,0.08088805374459097,0.11126451795241969,0.15512296099392356
5,125,100,0.5165695174317892,354.7169652701795,473426,473426,0.030473611504226637,0.057519020924072614,0.0731666617380541,0.10200960656998137,0.14309944954438497
5,125,200,0.5225275376721442,366.4026644731818,458327,458327,0.028228753706414852,0.05363855936918401,0.06835949005840808,0.09671915466468264,0.1365291593120196
5,125,450,0.5211827584786842,368.87104951017,455260,455260,0.027843430127839037,0.05193955102578746,0.06653999912138119,0.09465580108070114,0.13353468347757325
5,125,700,0.521504997955309,368.54723697493745,455660,455660,0.027540271254883026,0.05159548786375807,0.06640038625290787,0.09421937409471974,0.13286441645086247
5,125,800,0.5213469118161689,368.45101244243375,455779,455779,0.027269795229705625,0.051540329852845346,0.06631064616842812,0.09410481834397812,0.133035966992775
5,140,50,0.5007157114045105,320.68821873651325,523662,523662,0.03534149890578274,0.06372812997696987,0.08088805374459097,0.11126451795241969,0.15512296099392356
5,140,100,0.5165695174317892,354.7169652701795,473426,473426,0.030473611504226637,0.057519020924072614,0.0731666617380541,0.10200960656998137,0.14309944954438497
5,140,200,0.5225275376721442,366.4026644731818,458327,458327,0.028228753706414852,0.05363855936918401,0.06835949005840808,0.09671915466468264,0.1365291593120196
5,140,450,0.5211827584786842,368.87104951017,455260,455260,0.027843430127839037,0.05193955102578746,0.06653999912138119,0.09465580108070114,0.13353468347757325
5,140,700,0.521504997955309,368.54723697493745,455660,455660,0.027540271254883026,0.05159548786375807,0.06640038625290787,0.09421937409471974,0.13286441645086247
5,140,800,0.5213469118161689,368.45101244243375,455779,455779,0.027269795229705625,0.051540329852845346,0.06631064616842812,0.09410481834397812,0.133035966992775
5,200,50,0.5007157114045105,320.68821873651325,523662,523662,0.03534149890578274,0.06372812997696987,0.08088805374459097,0.11126451795241969,0.15512296099392356
5,200,100,0.5165695174317892,354.7169652701795,473426,473426,0.030473611504226637,0.057519020924072614,0.0731666617380541,0.10200960656998137,0.14309944954438497
5,200,200,0.5225275376721442,366.4026644731818,458327,458327,0.028228753706414852,0.05363855936918401,0.06835949005840808,0.09671915466468264,0.1365291593120196
5,200,450,0.5211827584786842,368.87104951017,455260,455260,0.027843430127839037,0.05193955102578746,0.06653999912138119,0.09465580108070114,0.13353468347757325
5,200,700,0.521504997955309,368.54723697493745,455660,455660,0.027540271254883026,0.05159548786375807,0.06640038625290787,0.09421937409471974,0.13286441645086247
5,200,800,0.5213469118161689,368.45101244243375,455779,455779,0.027269795229705625,0.051540329852845346,0.06631064616842812,0.09410481834397812,0.133035966992775
10,5,50,0.472251111725048,243.29366239523648,690245,690245,0.025398228165361574,0.04757151446225615,0.06122318886772088,0.08636208882353368,0.12296648291548654
10,5,100,0.48563650698483646,257.92000946088325,651102,651102,0.022206966036043507,0.043047018746678704,0.055344631102346484,0.07947141922463762,0.11345534186655855
10,5,200,0.49364537040057854,262.1098902128005,640694,640694,0.02038414594174442,0.04013304323124612,0.052258956693835124,0.07601288602671478,0.10946411235316704
10,5,450,0.49499743936054247,263.0130181332949,638494,638494,0.019964165677359536,0.039417754904509675,0.051505574053945694,0.0743922417438535,0.10757344626574408
10,5,700,0.495103622585653,263.1927410987716,638058,638058,0.019852427208811738,0.039259753815483855,0.05138090894558175,0.07416723871497576,0.10710938504023146
10,5,800,0.4949360294076345,263.21419234301874,638006,638006,0.019813293291912615,0.03919242138788664,0.051306727522938654,0.07425792233928835,0.10699742635649194
10,10,50,0.4763468440144137,246.9660681695518,679981,679981,0.025531595735763205,0.04808957897353014,0.061629663181765375,0.08700243095027656,0.12396375781088001
10,10,100,0.4924576382980545,263.64767794372307,636957,636957,0.021860188364363684,0.04314419968694904,0.05571961686581669,0.0796191893644312,0.11388837865036415
10,10,200,0.4983206397082149,267.2935223606449,628269,628269,0.01992617811797176,0.04008155742205966,0.051990469050677335,0.07565708319207219,0.10906156439359574
10,10,450,0.4990400558474176,268.6563266899383,625082,625082,0.019666219791963296,0.039476420693605,0.05116608700938437,0.07425105826115613,0.10741310740030909
10,10,700,0.4994730950374551,268.55922841223844,625308,625308,0.019499190798774366,0.039201481509911915,0.05103564963186142,0.07424661126996616,0.10720636870150389
10,10,800,0.49938760971722335,268.53517951145255,625364,625364,0.019419090321796586,0.0391340083535349,0.051013489743573344,0.07415841014193333,0.10716478722791846
10,15,50,0.4763931817773792,247.02600997917082,679816,679816,0.025512785812631653,0.04817627122633183,0.06164756345834755,0.08695882415241771,0.12396442566812196
10,15,100,0.492841899654861,263.8311710347298,636514,636514,0.021840839321680277,0.04318993769186538,0.0557175490248447,0.07961018924956874,0.11390165809393038
10,15,200,0.4987028616627797,267.43995540868735,627925,627925,0.01985746705418641,0.03995381614046264,0.05198232272962535,0.07556634948441295,0.10898276068001751
10,15,450,0.4990897860832714,268.71522133947786,624945,624945,0.019604925233420542,0.03939546680107849,0.05134371824720575,0.07443855059245214,0.10754226371920729
10,15,700,0.49927427994004214,268.5746906946097,625272,625272,0.019378766360879745,0.039021417878939084,0.05108976573395258,0.07418051663915864,0.10711338425517215
10,15,800,0.49904844255756425,268.53002673591567,625376,625376,0.019306785038121065,0.038946169984137545,0.05107647239420764,0.07406264391342168,0.10702361459346058
10,20,50,0.4764107842515851,247.0452701897573,679763,679763,0.02551036169959236,0.048171200845000386,0.06165384111815442,0.08698767070287733,0.12398438867664172
10,20,100,0.49286427729366566,263.8655785151886,636431,636431,0.021848401476358,0.04322228175560273,0.05574367056287327,0.07965828188758875,0.11387723099597599
10,20,200,0.4985236033058644,267.44847389334376,627905,627905,0.019880395919764933,0.039985348102021805,0.05195212651595384,0.07557034901776542,0.10892093549183396
10,20,450,0.4992104332548492,268.8150142545457,624713,624713,0.019609004454845664,0.039405294911423326,0.05139960269755872,0.07450301178301076,0.10757900027692717
10,20,700,0.4993364404080252,268.5416207589682,625349,625349,0.01937638022927997,0.03901501401617337,0.05111705623579793,0.07415219341519695,0.1071465693556718
10,20,800,0.4991237694504579,268.5291679592183,625378,625378,0.01930992135956174,0.03894924349753269,0.05110349260767088,0.0740608080233075,0.10703126748942239
10,30,50,0.4764107842515851,247.0452701897573,679763,679763,0.02551036169959236,0.048171200845000386,0.06165384111815442,0.08698767070287733,0.12398438867664172
10,30,100,0.4928944942483791,263.88009038397473,636396,636396,0.021844889031357832,0.04321365941960666,0.055754593052124775,0.07965166342968844,0.11389920741173734
10,30,200,0.4984905110590686,267.4731805678772,627847,627847,0.019885417944180667,0.03998585642680462,0.05195851855627247,0.0755582172089697,0.10889754988078305
10,30,450,0.49925182348823166,268.7750021606707,624806,624806,0.019596482748245055,0.03940103007973675,0.05139195206192002,0.07445831186000135,0.10754538208659968
10,30,700,0.499379342858479,268.56652982371406,625291,625291,0.01937497900977305,0.03900903739219019,0.05110740439251484,0.07415427377013263,0.10710533175753369
10,30,800,0.49920438039676446,268.5167163143361,625407,625407,0.01931062492105141,0.03894903638750446,0.05108993023742939,0.07402539466299546,0.10701990863549657
10,45,50,0.4764107842515851,247.0452701897573,679763,679763,0.02551036169959236,0.048171200845000386,0.06165384111815442,0.08698767070287733,0.12398438867664172
10,45,100,0.4928944942483791,263.88009038397473,636396,636396,0.021844889031357832,0.04321365941960666,0.055754593052124775,0.07965166342968844,0.11389920741173734
10,45,200,0.49848790901788836,267.4706244933129,627853,627853,0.019885227911628996,0.03998706703639228,0.05195642929156984,0.07555590241664849,0.10889650921473656
10,45,450,0.4992484696356402,268.7750021606707,624806,624806,0.01959808324503926,0.039402630576530956,0.05139195206192002,0.07445511086641293,0.10753898009942287
10,45,700,0.499379342858479,268.56652982371406,625291,625291,0.01937497900977305,0.03900903739219019,0.05110740439251484,0.07415427377013263,0.10710533175753369
10,45,800,0.49920438039676446,268.5167163143361,625407,625407,0.01931062492105141,0.03894903638750446,0.05108993023742939,0.07402539466299546,0.10701990863549657
10,50,50,0.4764107842515851,247.0452701897573,679763,679763,0.02551036169959236,0.048171200845000386,0.06165384111815442,0.08698767070287733,0.12398438867664172
10,50,100,0.4928944942483791,263.88009038397473,636396,636396,0.021844889031357832,0.04321365941960666,0.055754593052124775,0.07965166342968844,0.11389920741173734
10,50,200,0.49848790901788836,267.4706244933129,627853,627853,0.019885227911628996,0.03998706703639228,0.05195642929156984,0.07555590241664849,0.10889650921473656
10,50,450,0.4992484696356402,268.7750021606707,624806,624806,0.01959808324503926,0.039402630576530956,0.05139195206192002,0.07445511086641293,0.10753898009942287
10,50,700,0.499379342858479,268.56652982371406,625291,625291,0.01937497900977305,0.03900903739219019,0.05110740439251484,0.07415427377013263,0.10710533175753369
10,50,800,0.49920438039676446,268.5167163143361,625407,625407,0.01931062492105141,0.03894903638750446,0.05108993023742939,0.07402539466299546,0.10701990863549657
10,55,50,0.4764107842515851,247.0452701897573,679763,679763,0.02551036169959236,0.048171200845000386,0.06165384111815442,0.08698767070287733,0.12398438867664172
10,55,100,0.4928944942483791,263.88009038397473,636396,636396,0.021844889031357832,0.04321365941960666,0.055754593052124775,0.07965166342968844,0.11389920741173734
10,55,200,0.49848790901788836,267.4706244933129,627853,627853,0.019885227911628996,0.03998706703639228,0.05195642929156984,0.07555590241664849,0.10889650921473656
10,55,450,0.4992484696356402,268.7750021606707,624806,624806,0.01959808324503926,0.039402630576530956,0.05139195206192002,0.07445511086641293,0.10753898009942287
10,55,700,0.499379342858479,268.56652982371406,625291,625291,0.01937497900977305,0.03900903739219019,0.05110740439251484,0.07415427377013263,0.10710533175753369
10,55,800,0.49920438039676446,268.5167163143361,625407,625407,0.01931062492105141,0.03894903638750446,0.05108993023742939,0.07402539466299546,0.10701990863549657
10,60,50,0.4764107842515851,247.0452701897573,679763,679763,0.02551036169959236,0.048171200845000386,0.06165384111815442,0.08698767070287733,0.12398438867664172
10,60,100,0.4928944942483791,263.88009038397473,636396,636396,0.021844889031357832,0.04321365941960666,0.055754593052124775,0.07965166342968844,0.11389920741173734
10,60,200,0.49848790901788836,267.4706244933129,627853,627853,0.019885227911628996,0.03998706703639228,0.05195642929156984,0.07555590241664849,0.10889650921473656
10,60,450,0.4992484696356402,268.7750021606707,624806,624806,0.01959808324503926,0.039402630576530956,0.05139195206192002,0.07445511086641293,0.10753898009942287
10,60,700,0.499379342858479,268.56652982371406,625291,625291,0.01937497900977305,0.03900903739219019,0.05110740439251484,0.07415427377013263,0.10710533175753369
10,60,800,0.49920438039676446,268.5167163143361,625407,625407,0.01931062492105141,0.03894903638750446,0.05108993023742939,0.07402539466299546,0.10701990863549657
10,75,50,0.4764107842515851,247.0452701897573,679763,679763,0.02551036169959236,0.048171200845000386,0.06165384111815442,0.08698767070287733,0.12398438867664172
10,75,100,0.4928944942483791,263.88009038397473,636396,636396,0.021844889031357832,0.04321365941960666,0.055754593052124775,0.07965166342968844,0.11389920741173734
10,75,200,0.49848790901788836,267.4706244933129,627853,627853,0.019885227911628996,0.03998706703639228,0.05195642929156984,0.07555590241664849,0.10889650921473656
10,75,450,0.4992484696356402,268.7750021606707,624806,624806,0.01959808324503926,0.039402630576530956,0.05139195206192002,0.07445511086641293,0.10753898009942287
10,75,700,0.499379342858479,268.56652982371406,625291,625291,0.01937497900977305,0.03900903739219019,0.05110740439251484,0.07415427377013263,0.10710533175753369
10,75,800,0.49920438039676446,268.5167163143361,625407,625407,0.01931062492105141,0.03894903638750446,0.05108993023742939,0.07402539466299546,0.10701990863549657
10,90,50,0.4764107842515851,247.0452701897573,679763,679763,0.02551036169959236,0.048171200845000386,0.06165384111815442,0.08698767070287733,0.12398438867664172
10,90,100,0.4928944942483791,263.88009038397473,636396,636396,0.021844889031357832,0.04321365941960666,0.055754593052124775,0.07965166342968844,0.11389920741173734
10,90,200,0.49848790901788836,267.4706244933129,627853,627853,0.019885227911628996,0.03998706703639228,0.05195642929156984,0.07555590241664849,0.10889650921473656
10,90,450,0.4992484696356402,268.7750021606707,624806,624806,0.01959808324503926,0.039402630576530956,0.05139195206192002,0.07445511086641293,0.10753898009942287
10,90,700,0.499379342858479,268.56652982371406,625291,625291,0.01937497900977305,0.03900903739219019,0.05110740439251484,0.07415427377013263,0.10710533175753369
10,90,800,0.49920438039676446,268.5167163143361,625407,625407,0.01931062492105141,0.03894903638750446,0.05108993023742939,0.07402539466299546,0.10701990863549657
10,105,50,0.4764107842515851,247.0452701897573,679763,679763,0.02551036169959236,0.048171200845000386,0.06165384111815442,0.08698767070287733,0.12398438867664172
10,105,100,0.4928944942483791,263.88009038397473,636396,636396,0.021844889031357832,0.04321365941960666,0.055754593052124775,0.07965166342968844,0.11389920741173734
10,105,200,0.49848790901788836,267.4706244933129,627853,627853,0.019885227911628996,0.03998706703639228,0.05195642929156984,0.07555590241664849,0.10889650921473656
10,105,450,0.4992484696356402,268.7750021606707,624806,624806,0.01959808324503926,0.039402630576530956,0.05139195206192002,0.07445511086641293,0.10753898009942287
10,105,700,0.499379342858479,268.56652982371406,625291,625291,0.01937497900977305,0.03900903739219019,0.05110740439251484,0.07415427377013263,0.10710533175753369
10,105,800,0.49920438039676446,268.5167163143361,625407,625407,0.01931062492105141,0.03894903638750446,0.05108993023742939,0.07402539466299546,0.10701990863549657
10,125,50,0.4764107842515851,247.0452701897573,679763,679763,0.02551036169959236,0.048171200845000386,0.06165384111815442,0.08698767070287733,0.12398438867664172
10,125,100,0.4928944942483791,263.88009038397473,636396,636396,0.021844889031357832,0.04321365941960666,0.055754593052124775,0.07965166342968844,0.11389920741173734
10,125,200,0.49848790901788836,267.4706244933129,627853,627853,0.019885227911628996,0.03998706703639228,0.05195642929156984,0.07555590241664849,0.10889650921473656
10,125,450,0.4992484696356402,268.7750021606707,624806,624806,0.01959808324503926,0.039402630576530956,0.05139195206192002,0.07445511086641293,0.10753898009942287
10,125,700,0.499379342858479,268.56652982371406,625291,625291,0.01937497900977305,0.03900903739219019,0.05110740439251484,0.07415427377013263,0.10710533175753369
10,125,800,0.49920438039676446,268.5167163143361,625407,625407,0.01931062492105141,0.03894903638750446,0.05108993023742939,0.07402539466299546,0.10701990863549657
10,140,50,0.4764107842515851,247.0452701897573,679763,679763,0.02551036169959236,0.048171200845000386,0.06165384111815442,0.08698767070287733,0.12398438867664172
10,140,100,0.4928944942483791,263.88009038397473,636396,636396,0.021844889031357832,0.04321365941960666,0.055754593052124775,0.07965166342968844,0.11389920741173734
10,140,200,0.49848790901788836,267.4706244933129,627853,627853,0.019885227911628996,0.03998706703639228,0.05195642929156984,0.07555590241664849,0.10889650921473656
10,140,450,0.4992484696356402,268.7750021606707,624806,624806,0.01959808324503926,0.039402630576530956,0.05139195206192002,0.07445511086641293,0.10753898009942287
10,140,700,0.499379342858479,268.56652982371406,625291,625291,0.01937497900977305,0.03900903739219019,0.05110740439251484,0.07415427377013263,0.10710533175753369
10,140,800,0.49920438039676446,268.5167163143361,625407,625407,0.01931062492105141,0.03894903638750446,0.05108993023742939,0.07402539466299546,0.10701990863549657
10,200,50,0.4764107842515851,247.0452701897573,679763,679763,0.02551036169959236,0.048171200845000386,0.06165384111815442,0.08698767070287733,0.12398438867664172
10,200,100,0.4928944942483791,263.88009038397473,636396,636396,0.021844889031357832,0.04321365941960666,0.055754593052124775,0.07965166342968844,0.11389920741173734
10,200,200,0.49848790901788836,267.4706244933129,627853,627853,0.019885227911628996,0.03998706703639228,0.05195642929156984,0.07555590241664849,0.10889650921473656
10,200,450,0.4992484696356402,268.7750021606707,624806,624806,0.01959808324503926,0.039402630576530956,0.05139195206192002,0.07445511086641293,0.10753898009942287
10,200,700,0.499379342858479,268.56652982371406,625291,625291,0.01937497900977305,0.03900903739219019,0.05110740439251484,0.07415427377013263,0.10710533175753369
10,200,800,0.49920438039676446,268.5167163143361,625407,625407,0.01931062492105141,0.03894903638750446,0.05108993023742939,0.07402539466299546,0.10701990863549657
15,5,50,0.47390619280379753,219.60279531168067,764709,764709,0.022634753873695745,0.0430778243750237,0.055621157852202605,0.07913467737400763,0.11321169229079296
15,5,100,0.4907814816407248,231.20270340968855,726342,726342,0.0196918256138293,0.03863331598613325,0.05025318651544314,0.07285273328542202,0.10461050028774324
15,5,200,0.49688283639237374,233.84558849126833,718133,718133,0.018120598830578736,0.03634563514000889,0.04753576287400802,0.06947598843111234,0.10049252715026326
15,5,450,0.49901003304856206,234.8489074419808,715065,715065,0.017759224685867717,0.03580094117318006,0.046990133764063406,0.06890981938704872,0.09934061938425179
15,5,700,0.4993980991168546,234.8837261996842,714959,714959,0.017603806651849966,0.03559085206284556,0.04683205610391645,0.06868645614643637,0.09918610717537649
15,5,800,0.49950870899391886,234.97969543857488,714667,714667,0.017567622403161193,0.035556419983013066,0.046806414735814025,0.0686613485721322,0.09926861041576007
15,10,50,0.4755804913258004,221.23680968986682,759061,759061,0.022697780547281443,0.04309666812021695,0.05575704719383554,0.07935989334190532,0.11300672804952434
15,10,100,0.4928876718742617,233.87131608486268,718054,718054,0.019751996367961183,0.03897896258498664,0.05068978099140176,0.07318948157102391,0.10492943427653073
15,10,200,0.49705003224081,236.7847364495311,709219,709219,0.01815377196606408,0.03670657441495504,0.04831652846299944,0.06967382430532741,0.1003977614812914
15,10,450,0.49928444186292015,237.59344373624975,706805,706805,0.017709269176081097,0.03596607267916894,0.04755767149355197,0.06890443615990266,0.0993102765260574
15,10,700,0.49917314696466397,237.57865399823726,706849,706849,0.017534155102433478,0.035775674861250426,0.04726893579816906,0.06879404229191807,0.09922628453884776
15,10,800,0.49948388013542855,237.62840861976989,706701,706701,0.017457170712932343,0.035708170782268595,0.047250534525916904,0.06863440125314667,0.09912395765677422
15,15,50,0.47563960422305596,221.22748332549503,759093,759093,0.02267442856145426,0.04306586939940166,0.05576391825507546,0.07937894302806112,0.11309944894762565
15,15,100,0.49295595280894655,233.97721702759677,717729,717729,0.019727501605759278,0.038936701735613304,0.050580372257495516,0.07309862078862635,0.10488220484333223
15,15,200,0.49722445281403116,236.8922904173667,708897,708897,0.018169071106239693,0.0367006772493042,0.04829192393253181,0.06962929734503037,0.10039681364147401
15,15,450,0.49948578455094766,237.58537637816218,706829,706829,0.01770442355930501,0.035970510547812834,0.04748390346179911,0.06885682392771095,0.09933944419371588
15,15,700,0.4991912660451752,237.47819975450685,707148,707148,0.01752108469514161,0.03577186105313174,0.04728713084106863,0.06881444902622931,0.09923382375400906
15,15,800,0.49928419994463696,237.52354482873724,707013,707013,0.017460782192123766,0.035706557022289545,0.04723109758943612,0.06868897743040085,0.09920043903011684
15,20,50,0.47561953703348536,221.22311186287064,759108,759108,0.02267529784958135,0.043067653087571205,0.05577335504302418,0.07938923051792367,0.11310643544792046
15,20,100,0.4930126433704436,233.994822168809,717675,717675,0.0197317727383565,0.03894241822551991,0.050600898735500055,0.0731208416065768,0.10489706343400565
15,20,200,0.4972569340306812,236.94677269610318,708734,708734,0.01817607169967858,0.03670911794834169,0.048312907240233995,0.06966506474925713,0.10043119139197498
15,20,450,0.49947280522856746,237.6031925249301,706776,706776,0.01770716606109998,0.035981697171381034,0.047498783207126444,0.06889028489931746,0.09936245712927434
15,20,700,0.49919961979185457,237.51413850116188,707041,707041,0.017523736247261473,0.03578434631089286,0.04730277310651009,0.06883052043658006,0.09920499659849995
15,20,800,0.4993384128998492,237.49835098318738,707088,707088,0.017450444640553935,0.03570276966940466,0.04723881610209762,0.06869441993075827,0.09919557395967687
15,30,50,0.47561953703348536,221.22311186287064,759108,759108,0.02267529784958135,0.043067653087571205,0.05577335504302418,0.07938923051792367,0.11310643544792046
15,30,100,0.4930069380996997,233.99221383256952,717683,717683,0.019730159415786635,0.038939197389376644,0.050598941315316094,0.07311863315697878,0.10489589414825208
15,30,200,0.4972436291145582,236.9407550172698,708752,708752,0.018167144501885002,0.03669689820981105,0.04829616001083595,0.06964777524437321,0.10042158611192631
15,30,450,0.49947280522856746,237.6031925249301,706776,706776,0.01770716606109998,0.035981697171381034,0.047498783207126444,0.06889028489931746,0.09936245712927434
15,30,700,0.49919961979185457,237.51413850116188,707041,707041,0.017523736247261473,0.03578434631089286,0.04730277310651009,0.06883052043658006,0.09920499659849995
15,30,800,0.4993384128998492,237.49835098318738,707088,707088,0.017450444640553935,0.03570276966940466,0.04723881610209762,0.06869441993075827,0.09919557395967687
15,45,50,0.47561953703348536,221.22311186287064,759108,759108,0.02267529784958135,0.043067653087571205,0.05577335504302418,0.07938923051792367,0.11310643544792046
15,45,100,0.4930069380996997,233.99221383256952,717683,717683,0.019730159415786635,0.038939197389376644,0.050598941315316094,0.07311863315697878,0.10489589414825208
15,45,200,0.4972436291145582,236.9407550172698,708752,708752,0.018167144501885002,0.03669689820981105,0.04829616001083595,0.06964777524437321,0.10042158611192631
15,45,450,0.49947280522856746,237.6031925249301,706776,706776,0.01770716606109998,0.035981697171381034,0.047498783207126444,0.06889028489931746,0.09936245712927434
15,45,700,0.49919961979185457,237.51413850116188,707041,707041,0.017523736247261473,0.03578434631089286,0.04730277310651009,0.06883052043658006,0.09920499659849995
15,45,800,0.4993384128998492,237.49835098318738,707088,707088,0.017450444640553935,0.03570276966940466,0.04723881610209762,0.06869441993075827,0.09919557395967687
15,50,50,0.47561953703348536,221.22311186287064,759108,759108,0.02267529784958135,0.043067653087571205,0.05577335504302418,0.07938923051792367,0.11310643544792046
15,50,100,0.4930069380996997,233.99221383256952,717683,717683,0.019730159415786635,0.038939197389376644,0.050598941315316094,0.07311863315697878,0.10489589414825208
15,50,200,0.4972436291145582,236.9407550172698,708752,708752,0.018167144501885002,0.03669689820981105,0.04829616001083595,0.06964777524437321,0.10042158611192631
15,50,450,0.49947280522856746,237.6031925249301,706776,706776,0.01770716606109998,0.035981697171381034,0.047498783207126444,0.06889028489931746,0.09936245712927434
15,50,700,0.49919961979185457,237.51413850116188,707041,707041,0.017523736247261473,0.03578434631089286,0.04730277310651009,0.06883052043658006,0.09920499659849995
15,50,800,0.4993384128998492,237.49835098318738,707088,707088,0.017450444640553935,0.03570276966940466,0.04723881610209762,0.06869441993075827,0.09919557395967687
15,55,50,0.47561953703348536,221.22311186287064,759108,759108,0.02267529784958135,0.043067653087571205,0.05577335504302418,0.07938923051792367,0.11310643544792046
15,55,100,0.4930069380996997,233.99221383256952,717683,717683,0.019730159415786635,0.038939197389376644,0.050598941315316094,0.07311863315697878,0.10489589414825208
15,55,200,0.4972436291145582,236.9407550172698,708752,708752,0.018167144501885002,0.03669689820981105,0.04829616001083595,0.06964777524437321,0.10042158611192631
15,55,450,0.49947280522856746,237.6031925249301,706776,706776,0.01770716606109998,0.035981697171381034,0.047498783207126444,0.06889028489931746,0.09936245712927434
15,55,700,0.49919961979185457,237.51413850116188,707041,707041,0.017523736247261473,0.03578434631089286,0.04730277310651009,0.06883052043658006,0.09920499659849995
15,55,800,0.4993384128998492,237.49835098318738,707088,707088,0.017450444640553935,0.03570276966940466,0.04723881610209762,0.06869441993075827,0.09919557395967687
15,60,50,0.47561953703348536,221.22311186287064,759108,759108,0.02267529784958135,0.043067653087571205,0.05577335504302418,0.07938923051792367,0.11310643544792046
15,60,100,0.4930069380996997,233.99221383256952,717683,717683,0.019730159415786635,0.038939197389376644,0.050598941315316094,0.07311863315697878,0.10489589414825208
15,60,200,0.4972436291145582,236.9407550172698,708752,708752,0.018167144501885002,0.03669689820981105,0.04829616001083595,0.06964777524437321,0.10042158611192631
15,60,450,0.49947280522856746,237.6031925249301,706776,706776,0.01770716606109998,0.035981697171381034,0.047498783207126444,0.06889028489931746,0.09936245712927434
15,60,700,0.49919961979185457,237.51413850116188,707041,707041,0.017523736247261473,0.03578434631089286,0.04730277310651009,0.06883052043658006,0.09920499659849995
15,60,800,0.4993384128998492,237.49835098318738,707088,707088,0.017450444640553935,0.03570276966940466,0.04723881610209762,0.06869441993075827,0.09919557395967687
15,75,50,0.47561953703348536,221.22311186287064,759108,759108,0.02267529784958135,0.043067653087571205,0.05577335504302418,0.07938923051792367,0.11310643544792046
15,75,100,0.4930069380996997,233.99221383256952,717683,717683,0.019730159415786635,0.038926657033815766,0.0505919744511156,0.07311584641129858,0.10486802669145012
15,75,200,0.4972436291145582,236.9407550172698,708752,708752,0.018167144501885002,0.03668843262523421,0.048290516287784725,0.06964918617513602,0.10040042215048423
15,75,450,0.49947280522856746,237.6031925249301,706776,706776,0.01770716606109998,0.035973207918774834,0.047494538580823344,0.0688888700238831,0.09933698937145574
15,75,700,0.49919961979185457,237.51413850116188,707041,707041,0.017523736247261473,0.03577586024007094,0.04729853007109913,0.06882910609144308,0.09917953838603419
15,75,800,0.4993384128998492,237.49835098318738,707088,707088,0.017450444640553935,0.03569428416265019,0.04723457334872039,0.06869300567963252,0.09917011743941348
15,90,50,0.47561953703348536,221.22311186287064,759108,759108,0.02267661518519104,0.04306106640952276,0.055765451029366045,0.07938264383987523,0.11303529932499723
15,90,100,0.4930069380996997,233.99221383256952,717683,717683,0.019730159415786635,0.038926657033815766,0.0505919744511156,0.07311584641129858,0.10486802669145012
15,90,200,0.4972436291145582,236.9407550172698,708752,708752,0.018167144501885002,0.03668843262523421,0.048290516287784725,0.06964918617513602,0.10040042215048423
15,90,450,0.49947280522856746,237.6031925249301,706776,706776,0.01770716606109998,0.035973207918774834,0.047494538580823344,0.0688888700238831,0.09933698937145574
15,90,700,0.49919961979185457,237.51413850116188,707041,707041,0.017523736247261473,0.03577586024007094,0.04729853007109913,0.06882910609144308,0.09917953838603419
15,90,800,0.4993384128998492,237.49835098318738,707088,707088,0.017450444640553935,0.03569428416265019,0.04723457334872039,0.06869300567963252,0.09917011743941348
15,105,50,0.47561953703348536,221.22311186287064,759108,759108,0.02267661518519104,0.04306106640952276,0.055765451029366045,0.07938264383987523,0.11303529932499723
15,105,100,0.4930069380996997,233.99221383256952,717683,717683,0.019730159415786635,0.038926657033815766,0.0505919744511156,0.07311584641129858,0.10486802669145012
15,105,200,0.4972436291145582,236.9407550172698,708752,708752,0.018167144501885002,0.03668843262523421,0.048290516287784725,0.06964918617513602,0.10040042215048423
15,105,450,0.49947280522856746,237.6031925249301,706776,706776,0.01770716606109998,0.035973207918774834,0.047494538580823344,0.0688888700238831,0.09933698937145574
15,105,700,0.49919961979185457,237.51413850116188,707041,707041,0.017523736247261473,0.03577586024007094,0.04729853007109913,0.06882910609144308,0.09917953838603419
15,105,800,0.4993384128998492,237.49835098318738,707088,707088,0.017450444640553935,0.03569428416265019,0.04723457334872039,0.06869300567963252,0.09917011743941348
15,125,50,0.47561953703348536,221.22311186287064,759108,759108,0.02267661518519104,0.04306106640952276,0.055765451029366045,0.07938264383987523,0.11303529932499723
15,125,100,0.4930069380996997,233.99221383256952,717683,717683,0.019730159415786635,0.038926657033815766,0.0505919744511156,0.07311584641129858,0.10486802669145012
15,125,200,0.4972436291145582,236.9407550172698,708752,708752,0.018167144501885002,0.03668843262523421,0.048290516287784725,0.06964918617513602,0.10040042215048423
15,125,450,0.49947280522856746,237.6031925249301,706776,706776,0.01770716606109998,0.035973207918774834,0.047494538580823344,0.0688888700238831,0.09933698937145574
15,125,700,0.49919961979185457,237.51413850116188,707041,707041,0.017523736247261473,0.03577586024007094,0.04729853007109913,0.06882910609144308,0.09917953838603419
15,125,800,0.4993384128998492,237.49835098318738,707088,707088,0.017450444640553935,0.03569428416265019,0.04723457334872039,0.06869300567963252,0.09917011743941348
15,140,50,0.47561953703348536,221.22311186287064,759108,759108,0.02267661518519104,0.04306106640952276,0.055765451029366045,0.07938264383987523,0.11303529932499723
15,140,100,0.4930069380996997,233.99221383256952,717683,717683,0.019730159415786635,0.038926657033815766,0.0505919744511156,0.07311584641129858,0.10486802669145012
15,140,200,0.4972436291145582,236.9407550172698,708752,708752,0.018167144501885002,0.03668843262523421,0.048290516287784725,0.06964918617513602,0.10040042215048423
15,140,450,0.49947280522856746,237.6031925249301,706776,706776,0.01770716606109998,0.035973207918774834,0.047494538580823344,0.0688888700238831,0.09933698937145574
15,140,700,0.49919961979185457,237.51413850116188,707041,707041,0.017523736247261473,0.03577586024007094,0.04729853007109913,0.06882910609144308,0.09917953838603419
15,140,800,0.4993384128998492,237.49835098318738,707088,707088,0.017450444640553935,0.03569428416265019,0.04723457334872039,0.06869300567963252,0.09917011743941348
15,200,50,0.47561953703348536,221.22311186287064,759108,759108,0.02267661518519104,0.04306106640952276,0.055765451029366045,0.07938264383987523,0.11303529932499723
15,200,100,0.4930069380996997,233.99221383256952,717683,717683,0.019730159415786635,0.038926657033815766,0.0505919744511156,0.07311584641129858,0.10486802669145012
15,200,200,0.4972436291145582,236.9407550172698,708752,708752,0.018167144501885002,0.03668843262523421,0.048290516287784725,0.06964918617513602,0.10040042215048423
15,200,450,0.49947280522856746,237.6031925249301,706776,706776,0.01770716606109998,0.035973207918774834,0.047494538580823344,0.0688888700238831,0.09933698937145574
15,200,700,0.49919961979185457,237.51413850116188,707041,707041,0.017523736247261473,0.03577586024007094,0.04729853007109913,0.06882910609144308,0.09917953838603419
15,200,800,0.4993384128998492,237.49835098318738,707088,707088,0.017450444640553935,0.03569428416265019,0.04723457334872039,0.06869300567963252,0.09917011743941348
20,5,50,0.4795138000173368,207.33987211351007,809937,809937,0.020999164132518948,0.04042042776166541,0.05243988112655676,0.07488483672186849,0.10752564705649946
20,5,100,0.49737867261980023,217.44655389412296,772292,772292,0.01852408156500391,0.03686688454625971,0.047844597639234904,0.0693791985414843,0.100282017682431
20,5,200,0.5042150746425275,219.96234768337266,763459,763459,0.017139099807586263,0.034735329598577,0.045378992192115095,0.06642137953708058,0.09610470241362011
20,5,450,0.5067080343127486,220.47812381428776,761673,761673,0.016721086345452708,0.034159015745602116,0.04476330393751649,0.06560295559905628,0.09475851185482484
20,5,700,0.5069043336403893,220.55572789776795,761405,761405,0.01665473696652898,0.034035762833183394,0.044721271859260184,0.06568514785166896,0.09475246419448256
20,5,800,0.5074334308934046,220.59802774088715,761259,761259,0.016672380884823694,0.03405674021587922,0.04476268917674536,0.06572139048602381,0.0948113585520828
20,10,50,0.4804976762599336,208.14192331337009,806816,806816,0.02112873319319399,0.0407069269821124,0.052876988061714196,0.07540133066275334,0.10787837623448221
20,10,100,0.49839700270792514,218.91887868303658,767098,767098,0.018459179922252437,0.03670456708269348,0.04786872081533259,0.06943311024145546,0.10037309444164892
20,10,200,0.5041272199224913,221.58945600268126,757853,757853,0.017231573933203403,0.03498963519310473,0.045781965631857366,0.06675700960476504,0.09656226207457119
20,10,450,0.5065324350769483,222.5972121703768,754422,754422,0.016856613407350264,0.034448889348401825,0.045217398220094324,0.06615528179188836,0.09569047562239702
20,10,700,0.5066192832375532,222.56948030260457,754516,754516,0.016654385062742208,0.03413711571391462,0.0449745267164646,0.06587799330961835,0.09526636943418032
20,10,800,0.5063417759253873,222.6019331765654,754406,754406,0.016626325877577855,0.03413546551856692,0.044981084455850036,0.06580806621368335,0.09516626325877578
20,15,50,0.48050015119492395,208.1357319914729,806840,806840,0.021131822914084577,0.04069456149918199,0.05286054236279808,0.07538421496207426,0.1078813643349363
20,15,100,0.49848939568125733,218.95370128921897,766976,766976,0.018451685580774365,0.036701278788384514,0.047867208361148196,0.06941025534045393,0.10036950308744993
20,15,200,0.5042016438590544,221.62776585607915,757722,757722,0.017234553041880794,0.03499700417831342,0.04580439791902571,0.06683453826073414,0.09667133856480345
20,15,450,0.5065956001917975,222.5237673105234,754671,754671,0.01685635197324397,0.03439777068417894,0.045164051619844936,0.06614803006873193,0.09567612906816347
20,15,700,0.5066787053332039,222.55089791791184,754579,754579,0.0166609460374593,0.0341408918085449,0.04499595138481193,0.06586719216940837,0.09525046416611117
20,15,800,0.5064174990478589,222.5730201562881,754504,754504,0.01662814246180272,0.03412970640314697,0.04498849575350164,0.06579289175405299,0.09514329943910171
20,20,50,0.4804953735051834,208.13521606460745,806842,806842,0.021134249332583083,0.04069941822562534,0.05286660833223853,0.07538898569980244,0.10788357571866611
20,20,100,0.4984798714236437,218.94256826789567,767015,767015,0.018449443622354192,0.036695501391758964,0.047863470727430364,0.06940542231898986,0.10036570340866867
20,20,200,0.5042250075387805,221.65643379829572,757624,757624,0.017226223034117187,0.03498965185896962,0.04579184397537565,0.06680094611575135,0.0966574448539117
20,20,450,0.5065903132646477,222.51757538174513,754692,754692,0.016855882929724973,0.03439681353452799,0.04516411993236976,0.06615281465816518,0.09568009201104556
20,20,700,0.5066711910127727,222.54735876786233,754591,754591,0.016656705420552326,0.03413504799288621,0.04498728450246557,0.06586481948499254,0.0952476242096712
20,20,800,0.5064209215278516,222.56977528611094,754515,754515,0.01662392397765452,0.0341265581201169,0.04498121309715512,0.06579060721125492,0.09514058699959577
20,30,50,0.4804953735051834,208.13521606460745,806842,806842,0.021134249332583083,0.04069941822562534,0.05286660833223853,0.07538898569980244,0.10788357571866611
20,30,100,0.4984798714236437,218.94256826789567,767015,767015,0.018449443622354192,0.036695501391758964,0.047863470727430364,0.06940542231898986,0.10036570340866867
20,30,200,0.5042250075387805,221.65643379829572,757624,757624,0.017226223034117187,0.03498965185896962,0.04579184397537565,0.06680094611575135,0.0966574448539117
20,30,450,0.5065903132646477,222.51757538174513,754692,754692,0.016855882929724973,0.03439681353452799,0.04516411993236976,0.06615281465816518,0.09568009201104556
20,30,700,0.5066711910127727,222.54735876786233,754591,754591,0.016656705420552326,0.03413504799288621,0.04498728450246557,0.06586481948499254,0.0952476242096712
20,30,800,0.5064209215278516,222.56977528611094,754515,754515,0.01662392397765452,0.0341265581201169,0.04498121309715512,0.06579060721125492,0.09514058699959577
20,45,50,0.4804953735051834,208.13521606460745,806842,806842,0.021134249332583083,0.04069941822562534,0.05286660833223853,0.07538898569980244,0.10788357571866611
20,45,100,0.4984798714236437,218.94256826789567,767015,767015,0.018449443622354192,0.036695501391758964,0.047863470727430364,0.06940542231898986,0.10036570340866867
20,45,200,0.5042250075387805,221.65643379829572,757624,757624,0.017226223034117187,0.03498965185896962,0.04579184397537565,0.06680094611575135,0.0966574448539117
20,45,450,0.5065903132646477,222.51757538174513,754692,754692,0.016855882929724973,0.03439681353452799,0.04516411993236976,0.06615281465816518,0.09568009201104556
20,45,700,0.5066711910127727,222.54735876786233,754591,754591,0.016656705420552326,0.03413504799288621,0.04498728450246557,0.06586481948499254,0.0952476242096712
20,45,800,0.5064209215278516,222.56977528611094,754515,754515,0.01662392397765452,0.0341265581201169,0.04498121309715512,0.06579060721125492,0.09514058699959577
20,50,50,0.4804953735051834,208.13521606460745,806842,806842,0.021134249332583083,0.04069941822562534,0.05286660833223853,0.07538898569980244,0.10788357571866611
20,50,100,0.4984798714236437,218.94256826789567,767015,767015,0.018449443622354192,0.036695501391758964,0.047863470727430364,0.06940542231898986,0.10036570340866867
20,50,200,0.5042250075387805,221.65643379829572,757624,757624,0.017226223034117187,0.03498965185896962,0.04579184397537565,0.06680094611575135,0.0966574448539117
20,50,450,0.5065903132646477,222.51757538174513,754692,754692,0.016855882929724973,0.03439681353452799,0.04516411993236976,0.06615281465816518,0.09568009201104556
20,50,700,0.5066711910127727,222.54735876786233,754591,754591,0.016656705420552326,0.03413504799288621,0.04498728450246557,0.06586481948499254,0.0952476242096712
20,50,800,0.5064209215278516,222.56977528611094,754515,754515,0.01662392397765452,0.0341265581201169,0.04498121309715512,0.06579060721125492,0.09514058699959577
20,55,50,0.4804953735051834,208.13521606460745,806842,806842,0.021134249332583083,0.04069941822562534,0.05286660833223853,0.07538898569980244,0.10788357571866611
20,55,100,0.4984798714236437,218.94256826789567,767015,767015,0.018449443622354192,0.036695501391758964,0.047863470727430364,0.06940542231898986,0.10036570340866867
20,55,200,0.5042250075387805,221.65643379829572,757624,757624,0.017226223034117187,0.03498965185896962,0.04579184397537565,0.06680094611575135,0.0966574448539117
20,55,450,0.5065903132646477,222.51757538174513,754692,754692,0.016855882929724973,0.03439681353452799,0.04516411993236976,0.06615281465816518,0.09568009201104556
20,55,700,0.5066711910127727,222.54735876786233,754591,754591,0.016656705420552326,0.03413504799288621,0.04498728450246557,0.06586481948499254,0.0952476242096712
20,55,800,0.5064209215278516,222.56977528611094,754515,754515,0.01662392397765452,0.0341265581201169,0.04498121309715512,0.06579060721125492,0.09514058699959577
20,60,50,0.4804953735051834,208.13521606460745,806842,806842,0.021134249332583083,0.04069941822562534,0.05286660833223853,0.07538898569980244,0.10788357571866611
20,60,100,0.4984798714236437,218.94256826789567,767015,767015,0.018449443622354192,0.036695501391758964,0.047863470727430364,0.06940542231898986,0.10036570340866867
20,60,200,0.5042250075387805,221.65643379829572,757624,757624,0.017226223034117187,0.03498965185896962,0.04579184397537565,0.06680094611575135,0.0966574448539117
20,60,450,0.5065903132646477,222.51757538174513,754692,754692,0.016855882929724973,0.03439681353452799,0.04516411993236976,0.06615281465816518,0.09568009201104556
20,60,700,0.5066711910127727,222.54735876786233,754591,754591,0.016656705420552326,0.03413504799288621,0.04498728450246557,0.06586481948499254,0.0952476242096712
20,60,800,0.5064209215278516,222.56977528611094,754515,754515,0.01662392397765452,0.0341265581201169,0.04498121309715512,0.06579060721125492,0.09514058699959577
20,75,50,0.4804953735051834,208.13521606460745,806842,806842,0.021134249332583083,0.04069941822562534,0.05286660833223853,0.07538898569980244,0.10788357571866611
20,75,100,0.4984798714236437,218.94256826789567,767015,767015,0.018449443622354192,0.036695501391758964,0.047863470727430364,0.06940542231898986,0.10036570340866867
20,75,200,0.5042250075387805,221.65643379829572,757624,757624,0.017226223034117187,0.03498965185896962,0.04579184397537565,0.06680094611575135,0.0966574448539117
20,75,450,0.5065903132646477,222.51757538174513,754692,754692,0.016855882929724973,0.03439681353452799,0.04516411993236976,0.06615281465816518,0.09568009201104556
20,75,700,0.5066711910127727,222.54735876786233,754591,754591,0.016656705420552326,0.03413504799288621,0.04498728450246557,0.06586481948499254,0.0952476242096712
20,75,800,0.5064209215278516,222.56977528611094,754515,754515,0.01662392397765452,0.0341265581201169,0.04498121309715512,0.06579060721125492,0.09514058699959577
20,90,50,0.4804953735051834,208.13521606460745,806842,806842,0.021134249332583083,0.04069941822562534,0.05286660833223853,0.07538898569980244,0.10788357571866611
20,90,100,0.4984798714236437,218.94256826789567,767015,767015,0.018449443622354192,0.036695501391758964,0.047863470727430364,0.06940542231898986,0.10036570340866867
20,90,200,0.5042250075387805,221.65643379829572,757624,757624,0.017226223034117187,0.03498965185896962,0.04579184397537565,0.06680094611575135,0.0966574448539117
20,90,450,0.5065903132646477,222.51757538174513,754692,754692,0.016855882929724973,0.03439681353452799,0.04516411993236976,0.06615281465816518,0.09568009201104556
20,90,700,0.5066711910127727,222.54735876786233,754591,754591,0.016656705420552326,0.03413504799288621,0.04498728450246557,0.06586481948499254,0.0952476242096712
20,90,800,0.5064209215278516,222.56977528611094,754515,754515,0.01662392397765452,0.0341265581201169,0.04498121309715512,0.06579060721125492,0.09514058699959577
20,105,50,0.4804953735051834,208.13521606460745,806842,806842,0.021134249332583083,0.04069941822562534,0.05286660833223853,0.07538898569980244,0.10788357571866611
20,105,100,0.4984798714236437,218.94256826789567,767015,767015,0.018449443622354192,0.036695501391758964,0.047863470727430364,0.06940542231898986,0.10036570340866867
20,105,200,0.5042250075387805,221.65643379829572,757624,757624,0.017226223034117187,0.03498965185896962,0.04579184397537565,0.06680094611575135,0.0966574448539117
20,105,450,0.5065903132646477,222.51757538174513,754692,754692,0.016855882929724973,0.03439681353452799,0.04516411993236976,0.06615281465816518,0.09568009201104556
20,105,700,0.5066711910127727,222.54735876786233,754591,754591,0.016656705420552326,0.03413504799288621,0.04498728450246557,0.06586481948499254,0.0952476242096712
20,105,800,0.5064209215278516,222.56977528611094,754515,754515,0.01662392397765452,0.0341265581201169,0.04498121309715512,0.06579060721125492,0.09514058699959577
20,125,50,0.4804953735051834,208.13521606460745,806842,806842,0.021134249332583083,0.04069941822562534,0.05286660833223853,0.07538898569980244,0.10788357571866611
20,125,100,0.4984798714236437,218.94256826789567,767015,767015,0.018449443622354192,0.036695501391758964,0.047863470727430364,0.06940542231898986,0.10036570340866867
20,125,200,0.5042250075387805,221.65643379829572,757624,757624,0.017226223034117187,0.03498965185896962,0.04579184397537565,0.06680094611575135,0.0966574448539117
20,125,450,0.5065903132646477,222.51757538174513,754692,754692,0.016855882929724973,0.03439681353452799,0.04516411993236976,0.06615281465816518,0.09568009201104556
20,125,700,0.5066711910127727,222.54735876786233,754591,754591,0.016656705420552326,0.03413504799288621,0.04498728450246557,0.06586481948499254,0.0952476242096712
20,125,800,0.5064209215278516,222.56977528611094,754515,754515,0.01662392397765452,0.0341265581201169,0.04498121309715512,0.06579060721125492,0.09514058699959577
20,140,50,0.4804953735051834,208.13521606460745,806842,806842,0.021134249332583083,0.04069941822562534,0.05286660833223853,0.07538898569980244,0.10788357571866611
20,140,100,0.4984798714236437,218.94256826789567,767015,767015,0.018449443622354192,0.036695501391758964,0.047863470727430364,0.06940542231898986,0.10036570340866867
20,140,200,0.5042250075387805,221.65643379829572,757624,757624,0.017226223034117187,0.03498965185896962,0.04579184397537565,0.06680094611575135,0.0966574448539117
20,140,450,0.5065903132646477,222.51757538174513,754692,754692,0.016855882929724973,0.03439681353452799,0.04516411993236976,0.06615281465816518,0.09568009201104556
20,140,700,0.5066711910127727,222.54735876786233,754591,754591,0.016656705420552326,0.03413504799288621,0.04498728450246557,0.06586481948499254,0.0952476242096712
20,140,800,0.5064209215278516,222.56977528611094,754515,754515,0.01662392397765452,0.0341265581201169,0.04498121309715512,0.06579060721125492,0.09514058699959577
20,200,50,0.4804953735051834,208.13521606460745,806842,806842,0.021134249332583083,0.04069941822562534,0.05286660833223853,0.07538898569980244,0.10788357571866611
20,200,100,0.4984798714236437,218.94256826789567,767015,767015,0.018449443622354192,0.036695501391758964,0.047863470727430364,0.06940542231898986,0.10036570340866867
20,200,200,0.5042250075387805,221.65643379829572,757624,757624,0.017226223034117187,0.03498965185896962,0.04579184397537565,0.06680094611575135,0.0966574448539117
20,200,450,0.5065903132646477,222.51757538174513,754692,754692,0.016855882929724973,0.03439681353452799,0.04516411993236976,0.06615281465816518,0.09568009201104556
20,200,700,0.5066711910127727,222.54735876786233,754591,754591,0.016656705420552326,0.03413504799288621,0.04498728450246557,0.06586481948499254,0.0952476242096712
20,200,800,0.5064209215278516,222.56977528611094,754515,754515,0.01662392397765452,0.0341265581201169,0.04498121309715512,0.06579060721125492,0.09514058699959577
25,5,50,0.4867279496328459,199.71058108310598,840878,840878,0.020504758121867857,0.03919712490991559,0.05089680072495653,0.07304983600474742,0.1047345750513154
25,5,100,0.5054083840161315,208.92888699228766,803777,803777,0.01784201339426234,0.03551109325098877,0.04637355883534861,0.06739058221372346,0.09709782688482005
25,5,200,0.5110486857188589,211.65936567314674,793408,793408,0.016724056223279826,0.03391445511010729,0.04448152778898121,0.06504849963700896,0.09403484714043721
25,5,450,0.5138766035078263,212.27606771811003,791103,791103,0.01620016609720858,0.03319795273181874,0.043675728697780185,0.06418506818960364,0.09262763508670806
25,5,700,0.5140677256736416,212.40064555378623,790639,790639,0.016090782265989916,0.03314913633149895,0.04366215175320216,0.06416582030484204,0.09248089203795917
25,5,800,0.5141818025179562,212.33726442231705,790875,790875,0.016046783625730993,0.033107633949739215,0.04362130551604236,0.06403666824719456,0.09235340603761656
25,10,50,0.48751199193062206,200.18051409934867,838904,838904,0.02057207976121225,0.03938472101694592,0.050976035398567654,0.073085835804812,0.10490473284189848
25,10,100,0.5058972276510552,209.6676226207792,800945,800945,0.017855158593910944,0.035515547259799364,0.04653627902040714,0.06742035970010425,0.09727509379545413
25,10,200,0.5114226430471018,212.37163593412305,790747,790747,0.016828391381819977,0.0342460989418866,0.044775383276825585,0.06512702545820598,0.09415527343132506
25,10,450,0.5134056167290121,213.23699173881133,787538,787538,0.01622143947339684,0.03334315296531723,0.0439051829879955,0.0642534074546244,0.09283996454774246
25,10,700,0.5138810062775756,213.2099187697902,787638,787638,0.01612796741650352,0.03322211472783182,0.04382724043278765,0.06416526373791005,0.09270502438937685
25,10,800,0.5138152871064324,213.13523303304675,787914,787914,0.016107087829382395,0.03319143967488838,0.04378269709638362,0.06410217358747275,0.09259893846282716
25,15,50,0.48749109465807966,200.18146858982,838900,838900,0.02057813803790678,0.03939206103230421,0.05098462272022887,0.07308856836333294,0.10490523304327096
25,15,100,0.505892034888818,209.66893150548105,800940,800940,0.01785901565660349,0.03551452043848478,0.04654031512972258,0.06743076884660523,0.09726446425450096
25,15,200,0.5113957351046876,212.37109879367537,790749,790749,0.01683720118520542,0.034246012325023494,0.04476641766224175,0.0651407715975613,0.09418665088416173
25,15,450,0.5134620841753214,213.2126257573372,787628,787628,0.016218316260975994,0.0333380733036408,0.043909053512571926,0.06429304189287328,0.0928598272280823
25,15,700,0.5138659456833068,213.20937738052916,787640,787640,0.016125387232745925,0.0332220303692042,0.043832207607536436,0.06416129196079427,0.09269209283428978
25,15,800,0.5138291283030365,213.12279049697955,787960,787960,0.016103609320270065,0.0331869638052693,0.04378521752373217,0.06407558759327885,0.09255545966800345
25,20,50,0.48749109465807966,200.18146858982,838900,838900,0.02057813803790678,0.03939206103230421,0.05098462272022887,0.07308856836333294,0.10490523304327096
25,20,100,0.5058858770097607,209.67626156181953,800912,800912,0.017858391433765507,0.03551451345466169,0.04654194218590806,0.06743312623609085,0.09726661605769422
25,20,200,0.5114601631534378,212.3968846004505,790653,790653,0.016837980757677513,0.03425269998343142,0.044776912248483215,0.06513223879502134,0.09417532090563117
25,20,450,0.5134620841753214,213.2126257573372,787628,787628,0.016218316260975994,0.0333380733036408,0.043909053512571926,0.06429304189287328,0.0928598272280823
25,20,700,0.5138659456833068,213.20937738052916,787640,787640,0.016125387232745925,0.0332220303692042,0.043832207607536436,0.06416129196079427,0.09269209283428978
25,20,800,0.5138291283030365,213.12279049697955,787960,787960,0.016103609320270065,0.0331869638052693,0.04378521752373217,0.06407558759327885,0.09255545966800345
25,30,50,0.48749109465807966,200.18146858982,838900,838900,0.02057813803790678,0.03939206103230421,0.05098462272022887,0.07308856836333294,0.10490523304327096
25,30,100,0.5058858770097607,209.67626156181953,800912,800912,0.017858391433765507,0.03551451345466169,0.04654194218590806,0.06743312623609085,0.09726661605769422
25,30,200,0.5114601631534378,212.3968846004505,790653,790653,0.016837980757677513,0.03425269998343142,0.044776912248483215,0.06513223879502134,0.09417532090563117
25,30,450,0.5134620841753214,213.2126257573372,787628,787628,0.016218316260975994,0.0333380733036408,0.043909053512571926,0.06429304189287328,0.0928598272280823
25,30,700,0.5138659456833068,213.20937738052916,787640,787640,0.016125387232745925,0.0332220303692042,0.043832207607536436,0.06416129196079427,0.09269209283428978
25,30,800,0.5138291283030365,213.12279049697955,787960,787960,0.016103609320270065,0.0331869638052693,0.04378521752373217,0.06407558759327885,0.09255545966800345
25,45,50,0.48749109465807966,200.18146858982,838900,838900,0.02057813803790678,0.03939206103230421,0.05098462272022887,0.07308856836333294,0.10490523304327096
25,45,100,0.5058858770097607,209.67626156181953,800912,800912,0.017858391433765507,0.03551451345466169,0.04654194218590806,0.06743312623609085,0.09726661605769422
25,45,200,0.5114601631534378,212.3968846004505,790653,790653,0.016837980757677513,0.03425269998343142,0.044776912248483215,0.06513223879502134,0.09417532090563117
25,45,450,0.5134620841753214,213.2126257573372,787628,787628,0.016218316260975994,0.0333380733036408,0.043909053512571926,0.06429304189287328,0.0928598272280823
25,45,700,0.5138659456833068,213.20937738052916,787640,787640,0.016125387232745925,0.0332220303692042,0.043832207607536436,0.06416129196079427,0.09269209283428978
25,45,800,0.5138291283030365,213.12279049697955,787960,787960,0.016103609320270065,0.0331869638052693,0.04378521752373217,0.06407558759327885,0.09255545966800345
25,50,50,0.48749109465807966,200.18146858982,838900,838900,0.02057813803790678,0.03939206103230421,0.05098462272022887,0.07308856836333294,0.10490523304327096
25,50,100,0.5058858770097607,209.67626156181953,800912,800912,0.017858391433765507,0.03551451345466169,0.04654194218590806,0.06743312623609085,0.09726661605769422
25,50,200,0.5114601631534378,212.3968846004505,790653,790653,0.016837980757677513,0.03425269998343142,0.044776912248483215,0.06513223879502134,0.09417532090563117
25,50,450,0.5134620841753214,213.2126257573372,787628,787628,0.016218316260975994,0.0333380733036408,0.043909053512571926,0.06429304189287328,0.0928598272280823
25,50,700,0.5138659456833068,213.20937738052916,787640,787640,0.016125387232745925,0.0332220303692042,0.043832207607536436,0.06416129196079427,0.09269209283428978
25,50,800,0.5138291283030365,213.12279049697955,787960,787960,0.016103609320270065,0.0331869638052693,0.04378521752373217,0.06407558759327885,0.09255545966800345
25,55,50,0.48749109465807966,200.18146858982,838900,838900,0.02057813803790678,0.03939206103230421,0.05098462272022887,0.07308856836333294,0.10490523304327096
25,55,100,0.5058858770097607,209.67626156181953,800912,800912,0.017858391433765507,0.03551451345466169,0.04654194218590806,0.06743312623609085,0.09726661605769422
25,55,200,0.5114601631534378,212.3968846004505,790653,790653,0.016837980757677513,0.03425269998343142,0.044776912248483215,0.06513223879502134,0.09417532090563117
25,55,450,0.5134620841753214,213.2126257573372,787628,787628,0.016218316260975994,0.0333380733036408,0.043909053512571926,0.06429304189287328,0.0928598272280823
25,55,700,0.5138659456833068,213.20937738052916,787640,787640,0.016125387232745925,0.0332220303692042,0.043832207607536436,0.06416129196079427,0.09269209283428978
25,55,800,0.5138291283030365,213.12279049697955,787960,787960,0.016103609320270065,0.0331869638052693,0.04378521752373217,0.06407558759327885,0.09255545966800345
25,60,50,0.48749109465807966,200.18146858982,838900,838900,0.02057813803790678,0.03939206103230421,0.05098462272022887,0.07308856836333294,0.10490523304327096
25,60,100,0.5058858770097607,209.67626156181953,800912,800912,0.017858391433765507,0.03551451345466169,0.04654194218590806,0.06743312623609085,0.09726661605769422
25,60,200,0.5114601631534378,212.3968846004505,790653,790653,0.016837980757677513,0.03425269998343142,0.044776912248483215,0.06513223879502134,0.09417532090563117
25,60,450,0.5134620841753214,213.2126257573372,787628,787628,0.016218316260975994,0.0333380733036408,0.043909053512571926,0.06429304189287328,0.0928598272280823
25,60,700,0.5138659456833068,213.20937738052916,787640,787640,0.016125387232745925,0.0332220303692042,0.043832207607536436,0.06416129196079427,0.09269209283428978
25,60,800,0.5138291283030365,213.12279049697955,787960,787960,0.016103609320270065,0.0331869638052693,0.04378521752373217,0.06407558759327885,0.09255545966800345
25,75,50,0.48749109465807966,200.18146858982,838900,838900,0.02057813803790678,0.03939206103230421,0.05098462272022887,0.07308856836333294,0.10490523304327096
25,75,100,0.5058858770097607,209.67626156181953,800912,800912,0.017858391433765507,0.03551451345466169,0.04654194218590806,0.06743312623609085,0.09726661605769422
25,75,200,0.5114601631534378,212.3968846004505,790653,790653,0.016837980757677513,0.03425269998343142,0.044776912248483215,0.06513223879502134,0.09417532090563117
25,75,450,0.5134620841753214,213.2126257573372,787628,787628,0.016218316260975994,0.0333380733036408,0.043909053512571926,0.06429304189287328,0.0928598272280823
25,75,700,0.5138659456833068,213.20937738052916,787640,787640,0.016125387232745925,0.0332220303692042,0.043832207607536436,0.06416129196079427,0.09269209283428978
25,75,800,0.5138291283030365,213.12279049697955,787960,787960,0.016103609320270065,0.0331869638052693,0.04378521752373217,0.06407558759327885,0.09255545966800345
25,90,50,0.48749109465807966,200.18146858982,838900,838900,0.02057813803790678,0.03939206103230421,0.05098462272022887,0.07308856836333294,0.10490523304327096
25,90,100,0.5058858770097607,209.67626156181953,800912,800912,0.017858391433765507,0.03551451345466169,0.04654194218590806,0.06743312623609085,0.09726661605769422
25,90,200,0.5114601631534378,212.3968846004505,790653,790653,0.016837980757677513,0.03425269998343142,0.044776912248483215,0.06513223879502134,0.09417532090563117
25,90,450,0.5134620841753214,213.2126257573372,787628,787628,0.016218316260975994,0.0333380733036408,0.043909053512571926,0.06429304189287328,0.0928598272280823
25,90,700,0.5138659456833068,213.20937738052916,787640,787640,0.016125387232745925,0.0332220303692042,0.043832207607536436,0.06416129196079427,0.09269209283428978
25,90,800,0.5138291283030365,213.12279049697955,787960,787960,0.016103609320270065,0.0331869638052693,0.04378521752373217,0.06407558759327885,0.09255545966800345
25,105,50,0.48749109465807966,200.18146858982,838900,838900,0.02057813803790678,0.03939206103230421,0.05098462272022887,0.07308856836333294,0.10490523304327096
25,105,100,0.5058858770097607,209.67626156181953,800912,800912,0.017858391433765507,0.03551451345466169,0.04654194218590806,0.06743312623609085,0.09726661605769422
25,105,200,0.5114601631534378,212.3968846004505,790653,790653,0.016837980757677513,0.03425269998343142,0.044776912248483215,0.06513223879502134,0.09417532090563117
25,105,450,0.5134620841753214,213.2126257573372,787628,787628,0.016218316260975994,0.0333380733036408,0.043909053512571926,0.06429304189287328,0.0928598272280823
25,105,700,0.5138659456833068,213.20937738052916,787640,787640,0.016125387232745925,0.0332220303692042,0.043832207607536436,0.06416129196079427,0.09269209283428978
25,105,800,0.5138291283030365,213.12279049697955,787960,787960,0.016103609320270065,0.0331869638052693,0.04378521752373217,0.06407558759327885,0.09255545966800345
25,125,50,0.48749109465807966,200.18146858982,838900,838900,0.02057813803790678,0.03939206103230421,0.05098462272022887,0.07308856836333294,0.10490523304327096
25,125,100,0.5058858770097607,209.67626156181953,800912,800912,0.017858391433765507,0.03551451345466169,0.04654194218590806,0.06743312623609085,0.09726661605769422
25,125,200,0.5114601631534378,212.3968846004505,790653,790653,0.016837980757677513,0.03425269998343142,0.044776912248483215,0.06513223879502134,0.09417532090563117
25,125,450,0.5134620841753214,213.2126257573372,787628,787628,0.016218316260975994,0.0333380733036408,0.043909053512571926,0.06429304189287328,0.0928598272280823
25,125,700,0.5138659456833068,213.20937738052916,787640,787640,0.016125387232745925,0.0332220303692042,0.043832207607536436,0.06416129196079427,0.09269209283428978
25,125,800,0.5138291283030365,213.12279049697955,787960,787960,0.016103609320270065,0.0331869638052693,0.04378521752373217,0.06407558759327885,0.09255545966800345
25,140,50,0.48749109465807966,200.18146858982,838900,838900,0.02057813803790678,0.03939206103230421,0.05098462272022887,0.07308856836333294,0.10490523304327096
25,140,100,0.5058858770097607,209.67626156181953,800912,800912,0.017858391433765507,0.03551451345466169,0.04654194218590806,0.06743312623609085,0.09726661605769422
25,140,200,0.5114601631534378,212.3968846004505,790653,790653,0.016837980757677513,0.03425269998343142,0.044776912248483215,0.06513223879502134,0.09417532090563117
25,140,450,0.5134620841753214,213.2126257573372,787628,787628,0.016218316260975994,0.0333380733036408,0.043909053512571926,0.06429304189287328,0.0928598272280823
25,140,700,0.5138659456833068,213.20937738052916,787640,787640,0.016125387232745925,0.0332220303692042,0.043832207607536436,0.06416129196079427,0.09269209283428978
25,140,800,0.5138291283030365,213.12279049697955,787960,787960,0.016103609320270065,0.0331869638052693,0.04378521752373217,0.06407558759327885,0.09255545966800345
25,200,50,0.48749109465807966,200.18146858982,838900,838900,0.02057813803790678,0.03939206103230421,0.05098462272022887,0.07308856836333294,0.10490523304327096
25,200,100,0.5058858770097607,209.67626156181953,800912,800912,0.017858391433765507,0.03551451345466169,0.04654194218590806,0.06743312623609085,0.09726661605769422
25,200,200,0.5114601631534378,212.3968846004505,790653,790653,0.016837980757677513,0.03425269998343142,0.044776912248483215,0.06513223879502134,0.09417532090563117
25,200,450,0.5134620841753214,213.2126257573372,787628,787628,0.016218316260975994,0.0333380733036408,0.043909053512571926,0.06429304189287328,0.0928598272280823
25,200,700,0.5138659456833068,213.20937738052916,787640,787640,0.016125387232745925,0.0332220303692042,0.043832207607536436,0.06416129196079427,0.09269209283428978
25,200,800,0.5138291283030365,213.12279049697955,787960,787960,0.016103609320270065,0.0331869638052693,0.04378521752373217,0.06407558759327885,0.09255545966800345
35,5,50,0.49977315018529245,190.81820640317068,880064,880064,0.019503127045305796,0.03751318085957385,0.048772589266235185,0.07026307177659806,0.10113923532833975
35,5,100,0.5193263306754827,199.1429059322285,843275,843275,0.0169908985799413,0.03377664462956924,0.04422519344223415,0.06465150751534197,0.09381518484480152
35,5,200,0.5247927560498298,201.89719766618455,831771,831771,0.015974348708959557,0.032532992855004564,0.04283270275111779,0.062454690052911196,0.09052491611272814
35,5,450,0.5272139719933664,202.684277543296,828541,828541,0.01555867482719624,0.0318777224060125,0.04215120313901183,0.06172537025928711,0.08956587543646
35,5,700,0.5277066928007605,202.75622368689534,828247,828247,0.01544346070676984,0.03171276201423005,0.042027317937764944,0.06168570486823375,0.08948659035287783
35,5,800,0.5279584731116258,202.72709647667818,828366,828366,0.015412269455771966,0.03166836881281945,0.04198385737705314,0.061612861947496635,0.08941699683473248
35,10,50,0.5002220769587477,191.04940278657884,878999,878999,0.019559749214731758,0.03764509402172243,0.048866949791751754,0.07034478992581333,0.10129135528026767
35,10,100,0.5196022170664997,199.7668850317793,840641,840641,0.017034620010206496,0.03385987597559481,0.04439231491207305,0.06482196323995618,0.09409724246140742
35,10,200,0.5252829491142803,202.3309180373692,829988,829988,0.016032761919449436,0.03258962780184774,0.0429632717581459,0.06258283252287986,0.0907121548745283
35,10,450,0.5273776182255113,203.12802350462243,826731,826731,0.015620558561370023,0.03197654376090893,0.042189055448507436,0.06172624469144135,0.08970027735744758
35,10,700,0.5278067318271824,203.16709736114942,826572,826572,0.015494113035525036,0.0318048518459372,0.04206530102640786,0.061755055820908525,0.08969212603378773
35,10,800,0.5278215126375818,203.06317934207584,826995,826995,0.015469259185363878,0.03175835404083459,0.042012345902937745,0.06170291235134433,0.08958699871220503
35,15,50,0.5002257102896638,191.04375188418987,879025,879025,0.019558033047979297,0.03764056767441199,0.04886095389778448,0.07033929637951139,0.1012849463894656
35,15,100,0.5196469675504791,199.78423399415632,840568,840568,0.01703966841469102,0.03386876493038041,0.044397359880461784,0.06483711014456892,0.09411017312103244
35,15,200,0.5252829491142803,202.3309180373692,829988,829988,0.016032761919449436,0.03258962780184774,0.0429632717581459,0.06258283252287986,0.0907121548745283
35,15,450,0.5274730062148346,203.1393263455851,826685,826685,0.015621427750594242,0.03197832306138372,0.04219140301323963,0.06172846973151805,0.08970405898256288
35,15,700,0.5278579778224225,203.17668381056777,826533,826533,0.015496053999053879,0.031803932813329897,0.0420648661335966,0.06175554999013953,0.08969635816113815
35,15,800,0.5278769483074197,203.07545725531926,826945,826945,0.01547140378138812,0.03175785572196458,0.042012467576441,0.061703015315407915,0.08958999691636083
35,20,50,0.5002257102896638,191.04375188418987,879025,879025,0.019558033047979297,0.03764056767441199,0.04886095389778448,0.07033929637951139,0.1012849463894656
35,20,100,0.5196469675504791,199.78423399415632,840568,840568,0.01703966841469102,0.03386876493038041,0.044397359880461784,0.06483711014456892,0.09411017312103244
35,20,200,0.5252829491142803,202.3309180373692,829988,829988,0.016032761919449436,0.03258962780184774,0.0429632717581459,0.06258283252287986,0.0907121548745283
35,20,450,0.5274730062148346,203.1393263455851,826685,826685,0.015621427750594242,0.03197832306138372,0.04219140301323963,0.06172846973151805,0.08970405898256288
35,20,700,0.5278579778224225,203.17668381056777,826533,826533,0.015496053999053879,0.031803932813329897,0.0420648661335966,0.06175554999013953,0.08969635816113815
35,20,800,0.5278769483074197,203.07545725531926,826945,826945,0.01547140378138812,0.03175785572196458,0.042012467576441,0.061703015315407915,0.08958999691636083
35,30,50,0.5002257102896638,191.04375188418987,879025,879025,0.019558033047979297,0.03764056767441199,0.04886095389778448,0.07033929637951139,0.1012849463894656
35,30,100,0.5196469675504791,199.78423399415632,840568,840568,0.01703966841469102,0.03386876493038041,0.044397359880461784,0.06483711014456892,0.09411017312103244
35,30,200,0.5252829491142803,202.3309180373692,829988,829988,0.016032761919449436,0.03258962780184774,0.0429632717581459,0.06258283252287986,0.0907121548745283
35,30,450,0.5274730062148346,203.1393263455851,826685,826685,0.015621427750594242,0.03197832306138372,0.04219140301323963,0.06172846973151805,0.08970405898256288
35,30,700,0.5278579778224225,203.17668381056777,826533,826533,0.015496053999053879,0.031803932813329897,0.0420648661335966,0.06175554999013953,0.08969635816113815
35,30,800,0.5278769483074197,203.07545725531926,826945,826945,0.01547140378138812,0.03175785572196458,0.042012467576441,0.061703015315407915,0.08958999691636083
35,45,50,0.5002257102896638,191.04375188418987,879025,879025,0.019558033047979297,0.03764056767441199,0.04886095389778448,0.07033929637951139,0.1012849463894656
35,45,100,0.5196469675504791,199.78423399415632,840568,840568,0.01703966841469102,0.03386876493038041,0.044397359880461784,0.06483711014456892,0.09411017312103244
35,45,200,0.5252829491142803,202.3309180373692,829988,829988,0.016032761919449436,0.03258962780184774,0.0429632717581459,0.06258283252287986,0.0907121548745283
35,45,450,0.5274730062148346,203.1393263455851,826685,826685,0.015621427750594242,0.03197832306138372,0.04219140301323963,0.06172846973151805,0.08970405898256288
35,45,700,0.5278579778224225,203.17668381056777,826533,826533,0.015496053999053879,0.031803932813329897,0.0420648661335966,0.06175554999013953,0.08969635816113815
35,45,800,0.5278769483074197,203.07545725531926,826945,826945,0.01547140378138812,0.03175785572196458,0.042012467576441,0.061703015315407915,0.08958999691636083
35,50,50,0.5002257102896638,191.04375188418987,879025,879025,0.019558033047979297,0.03764056767441199,0.04886095389778448,0.07033929637951139,0.1012849463894656
35,50,100,0.5196469675504791,199.78423399415632,840568,840568,0.01703966841469102,0.03386876493038041,0.044397359880461784,0.06483711014456892,0.09411017312103244
35,50,200,0.5252829491142803,202.3309180373692,829988,829988,0.016032761919449436,0.03258962780184774,0.0429632717581459,0.06258283252287986,0.0907121548745283
35,50,450,0.5274730062148346,203.1393263455851,826685,826685,0.015621427750594242,0.03197832306138372,0.04219140301323963,0.06172846973151805,0.08970405898256288
35,50,700,0.5278579778224225,203.17668381056777,826533,826533,0.015496053999053879,0.031803932813329897,0.0420648661335966,0.06175554999013953,0.08969635816113815
35,50,800,0.5278769483074197,203.07545725531926,826945,826945,0.01547140378138812,0.03175785572196458,0.042012467576441,0.061703015315407915,0.08958999691636083
35,55,50,0.5002257102896638,191.04375188418987,879025,879025,0.019558033047979297,0.03764056767441199,0.04886095389778448,0.07033929637951139,0.1012849463894656
35,55,100,0.5196469675504791,199.78423399415632,840568,840568,0.01703966841469102,0.03386876493038041,0.044397359880461784,0.06483711014456892,0.09411017312103244
35,55,200,0.5252829491142803,202.3309180373692,829988,829988,0.016032761919449436,0.03258962780184774,0.0429632717581459,0.06258283252287986,0.0907121548745283
35,55,450,0.5274730062148346,203.1393263455851,826685,826685,0.015621427750594242,0.03197832306138372,0.04219140301323963,0.06172846973151805,0.08970405898256288
35,55,700,0.5278579778224225,203.17668381056777,826533,826533,0.015496053999053879,0.031803932813329897,0.0420648661335966,0.06175554999013953,0.08969635816113815
35,55,800,0.5278769483074197,203.07545725531926,826945,826945,0.01547140378138812,0.03175785572196458,0.042012467576441,0.061703015315407915,0.08958999691636083
35,60,50,0.5002257102896638,191.04375188418987,879025,879025,0.019558033047979297,0.03764056767441199,0.04886095389778448,0.07033929637951139,0.1012849463894656
35,60,100,0.5196469675504791,199.78423399415632,840568,840568,0.01703966841469102,0.03386876493038041,0.044397359880461784,0.06483711014456892,0.09411017312103244
35,60,200,0.5252829491142803,202.3309180373692,829988,829988,0.016032761919449436,0.03258962780184774,0.0429632717581459,0.06258283252287986,0.0907121548745283
35,60,450,0.5274730062148346,203.1393263455851,826685,826685,0.015621427750594242,0.03197832306138372,0.04219140301323963,0.06172846973151805,0.08970405898256288
35,60,700,0.5278579778224225,203.17668381056777,826533,826533,0.015496053999053879,0.031803932813329897,0.0420648661335966,0.06175554999013953,0.08969635816113815
35,60,800,0.5278769483074197,203.07545725531926,826945,826945,0.01547140378138812,0.03175785572196458,0.042012467576441,0.061703015315407915,0.08958999691636083
35,75,50,0.5002257102896638,191.04375188418987,879025,879025,0.019558033047979297,0.03764056767441199,0.04886095389778448,0.07033929637951139,0.1012849463894656
35,75,100,0.5196469675504791,199.78423399415632,840568,840568,0.01703966841469102,0.03386876493038041,0.044397359880461784,0.06483711014456892,0.09411017312103244
35,75,200,0.5252829491142803,202.3309180373692,829988,829988,0.016032761919449436,0.03258962780184774,0.0429632717581459,0.06258283252287986,0.0907121548745283
35,75,450,0.5274730062148346,203.1393263455851,826685,826685,0.015621427750594242,0.03197832306138372,0.04219140301323963,0.06172846973151805,0.08970405898256288
35,75,700,0.5278579778224225,203.17668381056777,826533,826533,0.015496053999053879,0.031803932813329897,0.0420648661335966,0.06175554999013953,0.08969635816113815
35,75,800,0.5278769483074197,203.07545725531926,826945,826945,0.01547140378138812,0.03175785572196458,0.042012467576441,0.061703015315407915,0.08958999691636083
35,90,50,0.5002257102896638,191.04375188418987,879025,879025,0.019558033047979297,0.03764056767441199,0.04886095389778448,0.07033929637951139,0.1012849463894656
35,90,100,0.5196469675504791,199.78423399415632,840568,840568,0.01703966841469102,0.03386876493038041,0.044397359880461784,0.06483711014456892,0.09411017312103244
35,90,200,0.5252829491142803,202.3309180373692,829988,829988,0.016032761919449436,0.03258962780184774,0.0429632717581459,0.06258283252287986,0.0907121548745283
35,90,450,0.5274730062148346,203.1393263455851,826685,826685,0.015621427750594242,0.03197832306138372,0.04219140301323963,0.06172846973151805,0.08970405898256288
35,90,700,0.5278579778224225,203.17668381056777,826533,826533,0.015496053999053879,0.031803932813329897,0.0420648661335966,0.06175554999013953,0.08969635816113815
35,90,800,0.5278769483074197,203.07545725531926,826945,826945,0.01547140378138812,0.03175785572196458,0.042012467576441,0.061703015315407915,0.08958999691636083
35,105,50,0.5002257102896638,191.04375188418987,879025,879025,0.019558033047979297,0.03764056767441199,0.04886095389778448,0.07033929637951139,0.1012849463894656
35,105,100,0.5196469675504791,199.78423399415632,840568,840568,0.01703966841469102,0.03386876493038041,0.044397359880461784,0.06483711014456892,0.09411017312103244
35,105,200,0.5252829491142803,202.3309180373692,829988,829988,0.016032761919449436,0.03258962780184774,0.0429632717581459,0.06258283252287986,0.0907121548745283
35,105,450,0.5274730062148346,203.1393263455851,826685,826685,0.015621427750594242,0.03197832306138372,0.04219140301323963,0.06172846973151805,0.08970405898256288
35,105,700,0.5278579778224225,203.17668381056777,826533,826533,0.015496053999053879,0.031803932813329897,0.0420648661335966,0.06175554999013953,0.08969635816113815
35,105,800,0.5278769483074197,203.07545725531926,826945,826945,0.01547140378138812,0.03175785572196458,0.042012467576441,0.061703015315407915,0.08958999691636083
