Anzahl_Slots,Max_Domains,Max_Events,Max_Days,n_segmente,median,p90,p95,p99,max
5,3,200,7,7269,2.0,2.0,2.0,3.0,3
5,3,200,14,5002,2.0,2.0,3.0,3.0,3
5,3,500,7,3815,2.0,2.0,2.0,3.0,3
5,3,500,14,1460,2.0,2.0,2.0,3.0,3
5,3,600,7,3623,2.0,2.0,2.0,2.0,3
5,3,600,14,1262,2.0,2.0,2.0,3.0,3
5,3,700,7,3515,2.0,2.0,2.0,2.0,3
5,3,700,14,1151,2.0,2.0,2.0,3.0,3
10,10,700,7,32016,4.0,8.0,9.0,9.0,10
10,10,700,14,13267,5.0,9.0,9.0,9.0,10
25,3,25,7,230832,2.0,2.0,3.0,3.0,3
25,3,25,14,221390,2.0,2.0,3.0,3.0,3
25,3,100,7,60836,2.0,2.0,2.0,3.0,3
25,3,100,14,45443,2.0,2.0,2.0,3.0,3
25,3,250,7,34708,2.0,2.0,2.0,2.0,3
25,3,250,14,16927,2.0,2.0,2.0,3.0,3
25,5,25,7,274048,2.0,4.0,4.0,5.0,5
25,5,25,14,263241,2.0,4.0,4.0,5.0,5
25,5,100,7,89423,2.0,4.0,4.0,4.0,5
25,5,100,14,66741,2.0,4.0,4.0,5.0,5
25,5,250,7,58525,2.0,4.0,4.0,4.0,5
25,5,250,14,30199,3.0,4.0,4.0,4.0,5
50,3,25,7,257354,1.0,2.0,2.0,3.0,3
50,3,25,14,238172,1.0,2.0,2.0,3.0,3
50,3,100,7,91719,2.0,2.0,2.0,2.0,3
50,3,100,14,61972,2.0,2.0,2.0,3.0,3
50,3,250,7,64711,2.0,2.0,2.0,2.0,3
50,3,250,14,30957,2.0,2.0,2.0,2.0,3
50,5,25,7,289552,2.0,3.0,4.0,4.0,5
50,5,25,14,268802,2.0,3.0,4.0,4.0,5
50,5,100,7,119698,2.0,4.0,4.0,4.0,5
50,5,100,14,82324,2.0,4.0,4.0,4.0,5
50,5,250,7,91983,2.0,4.0,4.0,4.0,5
50,5,250,14,48557,2.0,4.0,4.0,4.0,5
50,10,700,7,94508,2.0,5.0,6.0,8.0,10
50,10,700,14,48285,3.0,6.0,7.0,9.0,10
100,3,25,7,284141,1.0,2.0,2.0,3.0,3
100,3,25,14,253239,1.0,2.0,2.0,3.0,3
100,3,100,7,122992,1.0,2.0,2.0,2.0,3
100,3,100,14,79624,1.0,2.0,2.0,2.0,3
100,3,250,7,96047,1.0,2.0,2.0,2.0,3
100,3,250,14,48217,2.0,2.0,2.0,2.0,3
100,3,500,14,40020,2.0,2.0,2.0,2.0,3
100,3,700,14,38103,2.0,2.0,2.0,2.0,3
100,3,1000,14,37009,2.0,2.0,2.0,2.0,3
100,3,2000,14,36114,2.0,2.0,2.0,2.0,2
100,5,25,7,305194,1.0,3.0,3.0,4.0,5
100,5,25,14,273538,1.0,3.0,3.0,4.0,5
100,5,100,7,142979,2.0,3.0,4.0,4.0,5
100,5,100,14,96145,2.0,3.0,4.0,4.0,5
100,5,250,7,116080,2.0,3.0,4.0,4.0,5
100,5,250,14,64007,2.0,4.0,4.0,4.0,5
100,10,500,14,60368,2.0,4.0,5.0,7.0,9
100,10,700,7,112496,2.0,4.0,4.0,6.0,10
100,10,700,14,58594,2.0,4.0,5.0,7.0,9
100,10,700,21,37419,2.0,5.0,6.0,8.0,9
100,10,1000,7,111917,2.0,4.0,4.0,6.0,9
100,10,1000,14,57473,2.0,4.0,5.0,7.0,9
100,10,1000,21,36175,2.0,5.0,6.0,8.0,9
100,10,1250,14,57073,2.0,4.0,5.0,7.0,9
100,10,1500,14,56880,2.0,4.0,5.0,7.0,9
100,10,1750,14,56694,2.0,4.0,5.0,7.0,9
100,10,2000,14,56633,2.0,4.0,5.0,7.0,9
100,20,500,14,60643,2.0,4.0,5.0,8.0,17
100,20,700,14,58902,2.0,4.0,5.0,8.0,18
100,20,1000,14,57778,2.0,4.0,5.0,8.0,17
100,20,2000,14,56936,2.0,4.0,5.0,8.0,17
200,3,700,7,106328,1.0,2.0,2.0,2.0,3
200,3,700,14,49739,1.0,2.0,2.0,2.0,3
200,3,1000,7,105545,1.0,2.0,2.0,2.0,3
200,3,1000,14,48627,1.0,2.0,2.0,2.0,3
200,10,500,14,62840,2.0,3.0,4.0,6.0,9
200,10,600,14,61730,2.0,3.0,4.0,6.0,9
200,10,700,7,118510,1.0,3.0,3.0,5.0,9
200,10,700,14,61024,2.0,3.0,4.0,6.0,9
200,10,800,14,60662,2.0,3.0,4.0,6.0,9
200,10,900,14,60097,2.0,3.0,4.0,6.0,9
200,10,1000,7,117762,1.0,3.0,3.0,5.0,9
200,10,1000,14,59986,2.0,3.0,4.0,6.0,9
200,15,700,7,118520,1.0,3.0,3.0,5.0,10
200,15,700,14,61054,2.0,3.0,4.0,6.0,12
200,15,1000,7,117763,1.0,3.0,3.0,5.0,10
200,15,1000,14,59996,2.0,3.0,4.0,6.0,11
205,10,500,14,62876,2.0,3.0,4.0,6.0,9
205,10,600,14,61864,2.0,3.0,4.0,6.0,9
205,10,700,14,61008,2.0,3.0,4.0,6.0,9
205,10,800,14,60606,2.0,3.0,4.0,6.0,9
205,10,900,14,60166,2.0,3.0,4.0,6.0,9
205,10,1000,14,59958,2.0,3.0,4.0,6.0,9
210,10,500,14,62757,2.0,3.0,4.0,5.0,9
210,10,600,14,61615,2.0,3.0,4.0,6.0,9
210,10,700,14,60932,2.0,3.0,4.0,6.0,9
210,10,800,14,60422,2.0,3.0,4.0,6.0,9
210,10,900,14,60046,2.0,3.0,4.0,6.0,9
210,10,1000,14,59920,2.0,3.0,4.0,6.0,9
215,10,500,14,62740,2.0,3.0,4.0,5.0,9
215,10,600,14,61659,2.0,3.0,4.0,5.0,9
215,10,700,14,60911,2.0,3.0,4.0,6.0,9
215,10,800,14,60378,2.0,3.0,4.0,6.0,9
215,10,900,14,60020,2.0,3.0,4.0,5.0,9
215,10,1000,14,59834,2.0,3.0,4.0,6.0,9
220,10,500,14,62698,2.0,3.0,4.0,5.0,9
220,10,600,14,61481,2.0,3.0,4.0,5.0,9
220,10,700,14,60797,2.0,3.0,4.0,5.0,9
220,10,800,14,60249,2.0,3.0,4.0,5.0,9
220,10,900,14,59987,2.0,3.0,4.0,5.0,9
220,10,1000,14,59729,2.0,3.0,4.0,5.720000000001164,9
225,3,500,14,52958,1.0,2.0,2.0,2.0,3
225,3,700,7,107626,1.0,2.0,2.0,2.0,2
225,3,700,14,51086,1.0,2.0,2.0,2.0,3
225,3,1000,7,106910,1.0,2.0,2.0,2.0,3
225,3,1000,14,49823,1.0,2.0,2.0,2.0,3
225,3,2000,14,48903,1.0,2.0,2.0,2.0,2
225,10,100,7,154147,1.0,2.0,3.0,4.0,9
225,10,100,14,103533,1.0,3.0,3.0,5.0,9
225,10,250,7,126200,1.0,3.0,3.0,4.0,9
225,10,250,14,71248,1.0,3.0,4.0,5.0,9
225,10,500,14,62601,2.0,3.0,4.0,5.0,9
225,10,600,14,61580,2.0,3.0,4.0,5.0,9
225,10,700,7,118299,1.0,3.0,3.0,4.0,9
225,10,700,14,60836,2.0,3.0,4.0,5.0,9
225,10,700,21,36347,2.0,4.0,4.0,6.0,9
225,10,800,14,60406,2.0,3.0,4.0,5.0,9
225,10,900,14,60019,2.0,3.0,4.0,5.0,9
225,10,1000,7,117440,1.0,3.0,3.0,4.0,9
225,10,1000,14,59748,2.0,3.0,4.0,5.0,9
225,10,1000,21,34975,2.0,4.0,4.0,6.0,9
225,10,1250,14,59369,2.0,3.0,4.0,5.0,9
225,10,1500,14,59109,2.0,3.0,4.0,5.0,9
225,10,1750,14,58987,2.0,3.0,4.0,5.0,9
225,10,2000,14,58844,2.0,3.0,4.0,5.0,9
225,15,700,7,118297,1.0,3.0,3.0,4.0,10
225,15,700,14,60845,2.0,3.0,4.0,5.0,12
225,15,1000,7,117445,1.0,3.0,3.0,4.0,11
225,15,1000,14,59742,2.0,3.0,4.0,5.0,12
225,20,500,14,62601,2.0,3.0,4.0,5.0,11
225,20,700,14,60845,2.0,3.0,4.0,5.0,12
225,20,1000,14,59742,2.0,3.0,4.0,5.0,12
225,20,2000,14,58850,2.0,3.0,4.0,5.0,12
225,30,700,7,118297,1.0,3.0,3.0,4.0,10
225,30,700,14,60845,2.0,3.0,4.0,5.0,12
230,10,500,14,62699,2.0,3.0,4.0,5.0,9
230,10,600,14,61505,2.0,3.0,4.0,5.0,9
230,10,700,14,60875,2.0,3.0,4.0,5.0,9
230,10,800,14,60296,2.0,3.0,4.0,5.0,9
230,10,900,14,59945,2.0,3.0,4.0,5.0,9
230,10,1000,14,59645,2.0,3.0,4.0,5.0,9
235,10,500,14,62371,2.0,3.0,4.0,5.0,9
235,10,600,14,61284,2.0,3.0,4.0,5.0,9
235,10,700,14,60574,2.0,3.0,4.0,5.0,9
235,10,800,14,60099,2.0,3.0,4.0,5.0,9
235,10,900,14,59711,2.0,3.0,4.0,5.0,9
235,10,1000,14,59506,2.0,3.0,4.0,5.0,9
240,10,500,14,62542,2.0,3.0,4.0,5.0,9
240,10,600,14,61367,2.0,3.0,4.0,5.0,9
240,10,700,14,60628,2.0,3.0,4.0,5.0,9
240,10,800,14,60047,2.0,3.0,4.0,5.0,9
240,10,900,14,59673,2.0,3.0,4.0,5.0,9
240,10,1000,14,59426,2.0,3.0,4.0,5.0,9
245,10,500,14,62362,2.0,3.0,4.0,5.0,9
245,10,600,14,61298,2.0,3.0,4.0,5.0,9
245,10,700,14,60557,2.0,3.0,4.0,5.0,9
245,10,800,14,60118,2.0,3.0,4.0,5.0,9
245,10,900,14,59721,2.0,3.0,4.0,5.0,9
245,10,1000,14,59534,2.0,3.0,4.0,5.0,9
250,3,700,7,108491,1.0,2.0,2.0,2.0,3
250,3,700,14,51923,1.0,2.0,2.0,2.0,3
250,3,1000,7,107687,1.0,2.0,2.0,2.0,2
250,3,1000,14,50645,1.0,2.0,2.0,2.0,3
250,10,500,14,62311,1.0,3.0,4.0,5.0,9
250,10,600,14,61172,1.0,3.0,4.0,5.0,9
250,10,700,7,117800,1.0,3.0,3.0,4.0,9
250,10,700,14,60401,2.0,3.0,4.0,5.0,9
250,10,800,14,59976,2.0,3.0,4.0,5.0,9
250,10,900,14,59627,2.0,3.0,4.0,5.0,9
250,10,1000,7,116962,1.0,3.0,3.0,4.0,9
250,10,1000,14,59352,2.0,3.0,4.0,5.0,9
250,15,700,7,117801,1.0,3.0,3.0,4.0,10
250,15,700,14,60403,2.0,3.0,4.0,5.0,11
250,15,1000,7,116965,1.0,3.0,3.0,4.0,10
250,15,1000,14,59356,2.0,3.0,4.0,5.0,10
400,3,500,14,54808,1.0,2.0,2.0,2.0,3
400,3,700,14,52894,1.0,2.0,2.0,2.0,3
400,3,1000,14,51743,1.0,2.0,2.0,2.0,2
400,3,2000,14,50796,1.0,2.0,2.0,2.0,2
400,10,500,14,59559,1.0,3.0,3.0,4.0,9
400,10,700,7,114070,1.0,2.0,3.0,4.0,8
400,10,700,14,57689,1.0,3.0,3.0,4.0,9
400,10,700,21,33808,1.0,3.0,3.0,5.0,9
400,10,1000,7,113253,1.0,2.0,3.0,4.0,8
400,10,1000,14,56640,1.0,3.0,3.0,4.0,9
400,10,1000,21,32311,1.0,3.0,3.0,5.0,9
400,10,1250,14,56131,1.0,3.0,3.0,4.0,9
400,10,1500,14,55919,1.0,3.0,3.0,4.0,9
400,10,1750,14,55753,1.0,3.0,3.0,4.0,9
400,10,2000,14,55678,1.0,3.0,3.0,4.0,9
400,20,500,14,59559,1.0,3.0,3.0,4.0,9
400,20,700,14,57689,1.0,3.0,3.0,4.0,9
400,20,1000,14,56640,1.0,3.0,3.0,4.0,9
400,20,2000,14,55678,1.0,3.0,3.0,4.0,9
600,3,500,14,54388,1.0,2.0,2.0,2.0,3
600,3,700,14,52477,1.0,2.0,2.0,2.0,2
600,3,1000,14,51330,1.0,2.0,2.0,2.0,2
600,3,2000,14,50426,1.0,2.0,2.0,2.0,2
600,10,500,14,56976,1.0,2.0,3.0,4.0,7
600,10,700,14,55098,1.0,2.0,3.0,4.0,7
600,10,1000,14,54014,1.0,2.0,3.0,4.0,7
600,10,1250,14,53544,1.0,2.0,3.0,4.0,7
600,10,1500,14,53313,1.0,2.0,3.0,4.0,7
600,10,1750,14,53151,1.0,2.0,3.0,4.0,7
600,10,2000,14,52992,1.0,2.0,3.0,4.0,7
600,20,500,14,56976,1.0,2.0,3.0,4.0,7
600,20,700,14,55098,1.0,2.0,3.0,4.0,7
600,20,1000,14,54014,1.0,2.0,3.0,4.0,7
600,20,2000,14,52992,1.0,2.0,3.0,4.0,7
