Anzahl_Slots,Max_Domains,Max_Events,Max_Days,Run_Seed,Incl_Avg_Chord_Distance,Incl_Avg_Max_Cosine_Own,Incl_Avg_Max_Cosine_Other,Incl_Identification_Rate,Incl_Valid_Segments,Incl_Share_Single_Segment_Users,Excl_Avg_Chord_Distance,Excl_Avg_Max_Cosine_Own,Excl_Avg_Max_Cosine_Other,Excl_Identification_Rate,Excl_Valid_Segments,Excl_Share_Single_Segment_Users,INCL (%),EXCL (%)
10,10,700,14,0,1.1183732538042668,0.3487329482012888,0.5553419938614647,0.19953167365048066,56798,0.013500931098696461,1.1328736180692667,0.33919133446260274,0.47459186688697813,0.26820452320590377,39839,0.03147432357813363,19.953167365048067,26.820452320590377
10,10,700,14,1,1.1181248191103486,0.34881960110140464,0.5544352721975362,0.2015744695873195,56654,0.014432029795158287,1.1333692033290657,0.33848348118777016,0.4742689569261803,0.272624149231157,39670,0.02767017155506364,20.15744695873195,27.262414923115703
10,10,700,14,2,1.1196567996071267,0.3473668915414912,0.5552971741704636,0.20084521922873746,56790,0.013966480446927373,1.1322813680213064,0.3399247593961832,0.4742971014706532,0.2735016961929891,39795,0.03305785123966942,20.084521922873748,27.35016961929891
10,10,700,14,3,1.1182225875811147,0.34866928129767777,0.5553212226096003,0.20201093667313458,56690,0.013500931098696461,1.1324479874101012,0.3397431784396512,0.4739966071700443,0.271575713314362,39709,0.03202650469353948,20.201093667313458,27.1575713314362
10,10,700,14,4,1.1189547058343507,0.3479900411096643,0.5539041027171112,0.20163141353861366,56638,0.013966480446927373,1.1315883045159418,0.3405543516047882,0.47297360738853406,0.2744826544484165,39722,0.030369961347321922,20.163141353861366,27.448265444841653
10,10,700,14,5,1.1189416718610614,0.34805775208706297,0.5546016871144167,0.20054387173103072,56631,0.0148975791433892,1.1330231111889457,0.3389417127877519,0.47259212461971195,0.27419192173869195,39662,0.0281767955801105,20.054387173103073,27.419192173869195
10,10,700,14,6,1.12032724210346,0.34681737580023797,0.553456448949239,0.20349800768715398,56718,0.015363128491620111,1.1337074409650703,0.33846424134281455,0.47353915656399254,0.27099582347909223,39746,0.0352035203520352,20.349800768715397,27.099582347909223
10,10,700,14,7,1.1200159212364904,0.34742211273861384,0.5549388750559341,0.2009690776143071,56755,0.012569832402234637,1.1332752786009976,0.3390662507417845,0.4742558426413454,0.2719523234761617,39768,0.028761061946902654,20.09690776143071,27.195232347616173
10,10,700,14,8,1.1185079259649051,0.3485134239798693,0.5553572707197715,0.20189257771198985,56748,0.013500931098696461,1.1325607506943391,0.33962178746861743,0.47388154516287,0.27058882661908473,39791,0.0293141592920354,20.189257771198985,27.058882661908473
10,10,700,14,9,1.1183825391984055,0.3485098179976606,0.5547139280702503,0.20266032417195207,56760,0.014432029795158287,1.132367392838605,0.3396466666695981,0.47396848539123915,0.27038183694530443,39729,0.03419746276889134,20.266032417195206,27.038183694530442
10,10,700,14,10,1.1189368988074833,0.34837618183111246,0.5540064947074174,0.20455906704717614,56766,0.014432029795158287,1.1321380684180646,0.34017529689745435,0.4741230024791245,0.27292373413745447,39795,0.034178610804851156,20.455906704717613,27.292373413745448
10,10,700,14,11,1.1200153606224694,0.34735566854754324,0.5540442654600243,0.20339192432585063,56664,0.013966480446927373,1.1335338639671926,0.33867801905817246,0.4743526455037889,0.26974544722809135,39756,0.033571821684094665,20.33919243258506,26.974544722809135
10,10,700,14,12,1.1192769571371532,0.3482467922109806,0.554643437926961,0.20218261314151725,56721,0.013500931098696461,1.1324598506319765,0.33995630072707506,0.47478898104899864,0.2718954248366013,39780,0.03147432357813363,20.218261314151725,27.18954248366013
10,10,700,14,13,1.1190556131023703,0.34811520549732544,0.552975310495409,0.20426259563515847,56726,0.013500931098696461,1.132315831113059,0.3398941929297531,0.4729445764483522,0.2732966120878292,39759,0.03152654867256637,20.42625956351585,27.32966120878292
10,10,700,14,14,1.1185816634578027,0.3485052991439548,0.5545790605856202,0.2037630245001408,56816,0.013500931098696461,1.1325346604832278,0.3398312786549104,0.47507977531770496,0.2714716223003516,39820,0.029801324503311258,20.37630245001408,27.14716223003516
10,10,700,14,15,1.1177497049118048,0.3494167748235619,0.5548499409571147,0.20400654848874258,56807,0.0148975791433892,1.1323152207704343,0.3401138782471084,0.4739554274428948,0.27119156113894416,39721,0.029850746268656716,20.400654848874257,27.119156113894416
10,10,700,14,16,1.1183393384809062,0.34902142106274175,0.5549168468935193,0.2022521333685229,56835,0.013500931098696461,1.1323214860397879,0.33990956198336675,0.47381455186765026,0.2720929648871822,39843,0.02759381898454746,20.225213336852292,27.20929648871822
10,10,700,14,17,1.1182955800260743,0.34884113736616723,0.5533772331952443,0.20398745993166367,56778,0.014432029795158287,1.132115810183618,0.34033893080918826,0.47473432802535676,0.2709227333182765,39849,0.03150912106135987,20.39874599316637,27.09227333182765
10,10,700,14,18,1.1197820770321356,0.34729817998145196,0.5545571453493916,0.20189931511685377,56652,0.013966480446927373,1.1334924755896936,0.3384180133997032,0.4738427821220108,0.267251594685223,39663,0.028192371475953566,20.189931511685376,26.725159468522303
10,10,700,14,19,1.1196625234061872,0.3476252175287014,0.5541713713174736,0.2030941640823231,56752,0.013500931098696461,1.1337083061394322,0.3387146325718078,0.4735811653441537,0.273207946219503,39717,0.027101769911504425,20.30941640823231,27.320794621950302
100,10,700,14,0,1.0658493238917557,0.3303512682997736,0.7941326855598199,0.05132397084048027,149248,0.012569832402234637,1.1134301485568696,0.30788268075352615,0.7327273940218544,0.06630848748639825,58816,0.045146726862302484,5.132397084048027,6.630848748639825
100,10,700,14,1,1.0638483505532998,0.3313175810145731,0.795353605453679,0.0509330817458565,149451,0.012569832402234637,1.1124550362845755,0.3079678748864769,0.732508699628611,0.0679438362684436,58828,0.0417607223476298,5.09330817458565,6.794383626844359
100,10,700,14,2,1.0648216662770877,0.3308355123614608,0.7943630444120897,0.05223890592978555,149314,0.012569832402234637,1.113420964043555,0.30775345166589513,0.7334361119024065,0.06701354168432114,59003,0.043968432919954906,5.223890592978555,6.701354168432114
100,10,700,14,3,1.06357031740962,0.33160332760306255,0.7941923190141068,0.05068710678128497,149249,0.012569832402234637,1.1119846702141942,0.30856135997888334,0.7339390629041127,0.06634910410062551,58991,0.040632054176072234,5.068710678128497,6.6349104100625516
100,10,700,14,4,1.0666748372678523,0.32975272550013246,0.7936292697236219,0.05080710602026651,149113,0.012569832402234637,1.1137856577158187,0.3075498014700766,0.7326591743383702,0.06759894906347996,58995,0.04391891891891892,5.080710602026651,6.759894906347997
100,10,700,14,5,1.0641199762760727,0.3311538651173933,0.7937685680858176,0.05118904748814975,149153,0.012569832402234637,1.1133276449707887,0.30793170953669113,0.7336887204687257,0.0666440332710915,58910,0.041196388261851014,5.118904748814975,6.6644033271091505
100,10,700,14,6,1.0626487857945532,0.33212710614096896,0.7940245225059106,0.05174446647730318,149272,0.012569832402234637,1.1132942110350372,0.30753568771374656,0.7332800372868059,0.06582312786896354,59037,0.04563380281690141,5.174446647730318,6.582312786896353
100,10,700,14,7,1.066862222897466,0.32981533892605386,0.7930239723622258,0.052013006603868456,149155,0.012569832402234637,1.1138020073290174,0.30781740146494124,0.7316852257448934,0.06632393362516543,58938,0.043993231810490696,5.2013006603868455,6.632393362516543
100,10,700,14,8,1.06461091990945,0.33090279668558165,0.7940023510520179,0.05059573697726343,149143,0.012569832402234637,1.1132666057107694,0.3076409142467256,0.7338070524622919,0.06613982385471427,58588,0.04565952649379933,5.059573697726343,6.613982385471427
100,10,700,14,9,1.0654028779818367,0.33051007005801775,0.7946752615240484,0.05111992283785232,149296,0.012569832402234637,1.1156917354752356,0.3061245342382783,0.7337139790217533,0.06585820895522389,58960,0.04340473506200677,5.111992283785232,6.585820895522389
100,10,700,14,10,1.065321299755794,0.3302501572514411,0.7948431822315233,0.0509237518951337,149066,0.012569832402234637,1.1128999424721044,0.3080385863121263,0.7332466857427528,0.06474402730375427,58600,0.04507042253521127,5.09237518951337,6.474402730375426
100,10,700,14,11,1.0632451431023624,0.3322668691616372,0.7940238406552846,0.052116630814284665,149223,0.012569832402234637,1.1120793096296935,0.3091838876488148,0.7339844460905547,0.06646541051167681,58963,0.04670793472144063,5.211663081428466,6.646541051167682
100,10,700,14,12,1.064285701057818,0.33106345801069836,0.794345943905629,0.05193804681324276,149274,0.012569832402234637,1.1120141810027824,0.3091231278884491,0.731761930441171,0.06673222339018683,58982,0.0428169014084507,5.193804681324276,6.673222339018683
100,10,700,14,13,1.0628932574356122,0.3321557538362479,0.794479072161629,0.05119387707314462,149471,0.012569832402234637,1.1148368355684777,0.3059851211307983,0.7313692155682069,0.06676847374225842,58935,0.044507042253521124,5.119387707314462,6.676847374225842
100,10,700,14,14,1.0633102943026889,0.33174053106252394,0.7947848156974265,0.051281879643885135,149390,0.012569832402234637,1.1115197541961879,0.3095437469061232,0.7348027673492495,0.06671076735192347,58956,0.04340473506200677,5.1281879643885135,6.671076735192346
100,10,700,14,15,1.0632481559695934,0.3321514408384575,0.7932944310530469,0.05187816238313842,149215,0.012569832402234637,1.1126790655368446,0.30897092382720776,0.7323549417348089,0.06640757586043039,58924,0.04509582863585118,5.187816238313842,6.640757586043039
100,10,700,14,16,1.0641447578869028,0.3313940636887768,0.7946316536635453,0.0514673381641865,149318,0.01303538175046555,1.1104390905203174,0.3104358735134537,0.7333215872896685,0.06736447961875586,58755,0.043943661971830986,5.14673381641865,6.7364479618755855
100,10,700,14,17,1.0643452838959637,0.33112389552330695,0.7942697029867434,0.05064358157831358,149476,0.013500931098696461,1.1100109628452093,0.3111412855862928,0.7338194079297212,0.0683284507137656,59053,0.04284103720405862,5.064358157831358,6.8328450713765605
100,10,700,14,18,1.0656508592794616,0.33052284174195157,0.7931664360087318,0.05117317986074778,149082,0.012569832402234637,1.1147501722863198,0.30677652462378807,0.7325307859255559,0.06549259826442062,58770,0.04509582863585118,5.117317986074778,6.5492598264420625
100,10,700,14,19,1.0639090585159539,0.3310730150354515,0.7946516784394995,0.05143136349337028,149403,0.012569832402234637,1.11519443113464,0.3056728481246638,0.7336717478679015,0.06674236903208311,59003,0.04512126339537507,5.143136349337028,6.674236903208311
220,10,700,14,0,1.041241720491579,0.3217465715987084,0.8307147324143375,0.03840544231710774,194035,0.012569832402234637,1.0756370160572863,0.3180398994848733,0.7732873992650218,0.05556195207000345,60797,0.04909706546275395,3.840544231710774,5.5561952070003455
220,10,700,14,1,1.0396366029711055,0.32234880502899765,0.8308219405565715,0.03823838575374088,194072,0.012569832402234637,1.076699384359769,0.3170621912176946,0.7731046763213247,0.058791597440410584,60791,0.04630152456239413,3.8238385753740882,5.879159744041059
220,10,700,14,2,1.0403921224961568,0.3220913797715683,0.8298308422171552,0.03834828036120408,193907,0.012569832402234637,1.0763195285042118,0.318304649183802,0.7726864488751288,0.05817685104422099,60763,0.04796839729119639,3.834828036120408,5.8176851044220985
220,10,700,14,3,1.0412644205610477,0.3214695505367521,0.8300748400634449,0.038641184576557235,193757,0.012569832402234637,1.0748267681718557,0.3193794085791949,0.7734728706541879,0.058435143412256724,60734,0.04401805869074492,3.8641184576557235,5.8435143412256725
220,10,700,14,4,1.0412898914820532,0.3216069360769236,0.8305245980546279,0.03817195428854326,193912,0.012569832402234637,1.0760487715448004,0.3180419647596911,0.7746621284499742,0.05482337068298863,60777,0.048560135516657256,3.817195428854326,5.482337068298863
220,10,700,14,5,1.0398647188211725,0.3224127967254345,0.8307103842680708,0.038593835284909526,194202,0.012569832402234637,1.076962856357123,0.31723937666585034,0.773433562870559,0.05873526259378349,60645,0.04519774011299435,3.8593835284909526,5.873526259378349
220,10,700,14,6,1.040415740545028,0.322055594416078,0.8299584473611511,0.03808860694208056,193890,0.012569832402234637,1.0751160583685346,0.3188520250370383,0.7739543747484,0.05674914802192917,60741,0.047941342357586014,3.8088606942080565,5.674914802192918
220,10,700,14,7,1.040488654708311,0.3221427534639024,0.8307682413214454,0.038520372688082324,194157,0.012569832402234637,1.0751783538825272,0.31934736961732707,0.7727644957520559,0.05835142424840471,60804,0.04743083003952569,3.8520372688082323,5.8351424248404715
220,10,700,14,8,1.039146737993363,0.32297399875793387,0.8296773474282823,0.03826867519603797,193840,0.012569832402234637,1.0751209552483931,0.31842300589256206,0.7741579597557712,0.0567441400128664,60623,0.048505358150028204,3.8268675196037973,5.67441400128664
220,10,700,14,9,1.0390509986248868,0.3227569592679081,0.831076186868059,0.03825933676256842,194018,0.012569832402234637,1.074067165036269,0.31951065905828435,0.7733353207194552,0.05894439239278729,60837,0.04799548277809147,3.825933676256842,5.894439239278729
220,10,700,14,10,1.0412654160098036,0.32158321948677276,0.831265227770443,0.03833893829045369,193876,0.012569832402234637,1.076701008053887,0.31750177537774105,0.7753461588262232,0.056901287269598595,60438,0.048560135516657256,3.833893829045369,5.69012872695986
220,10,700,14,11,1.039587505691712,0.3228521157244881,0.8304364560976354,0.03865290322580645,193750,0.012569832402234637,1.0768698775135732,0.3169899063358328,0.7725399062521501,0.05736418743702823,60543,0.049069373942470386,3.865290322580645,5.736418743702823
220,10,700,14,12,1.039628708111737,0.32254891202762115,0.8311712099511053,0.03783332302171626,193956,0.012569832402234637,1.0754066789251964,0.3188855631200222,0.7721658713529677,0.058422574075290716,60884,0.045711060948081264,3.783332302171626,5.842257407529072
220,10,700,14,13,1.0403842631211444,0.3220555323798323,0.8302360123399927,0.03821669194498612,193842,0.012569832402234637,1.0750854539453247,0.3193398875894861,0.7722809945011326,0.056776345115649406,60571,0.047914317925591886,3.8216691944986123,5.677634511564941
220,10,700,14,14,1.0400872162778765,0.3222027845249414,0.8307365993337854,0.03836754895187816,193966,0.012569832402234637,1.0748294341381321,0.3190667565692652,0.7724486427517199,0.057469750596756936,60745,0.045736871823828344,3.8367548951878163,5.746975059675694
220,10,700,14,15,1.0410263625322642,0.32152294421414035,0.8298640878364569,0.03784800989894824,193960,0.012569832402234637,1.076867551281293,0.3170463939134144,0.7741670707348212,0.05612572689982373,60703,0.04512126339537507,3.7848009898948236,5.612572689982373
220,10,700,14,16,1.0385195476238673,0.3233618592835337,0.8307476257342185,0.039041374586022366,194153,0.01303538175046555,1.0717422101310843,0.3218217889817203,0.774491317985993,0.05915933207205725,60785,0.045146726862302484,3.9041374586022366,5.915933207205725
220,10,700,14,17,1.0397626372808866,0.3222769067419324,0.831004412515108,0.03862875135699696,194363,0.01303538175046555,1.0738721323840659,0.31957302729382653,0.7745487777002287,0.05807753515003363,60953,0.047941342357586014,3.862875135699696,5.8077535150033635
220,10,700,14,18,1.0419051597365063,0.321057534568855,0.8305634008586082,0.03855997358128399,193802,0.012569832402234637,1.0752549256684498,0.31944348609277357,0.7733862998652944,0.05699336480375004,60586,0.04568527918781726,3.8559973581283993,5.699336480375004
220,10,700,14,19,1.0402994915849888,0.32205324825479414,0.8306632467137729,0.03798504695996045,194208,0.012569832402234637,1.0765799626432515,0.3177383812112226,0.7746225562596416,0.05836218353651533,60947,0.049689440993788817,3.798504695996045,5.836218353651533
225,10,700,14,0,1.0400413457963067,0.32170809086690444,0.8316057462697529,0.03818994607936012,195287,0.012569832402234637,1.0746075595637576,0.3185660437047108,0.7736908034439732,0.05670128544859029,60757,0.04799548277809147,3.8189946079360118,5.670128544859029
225,10,700,14,1,1.0391592811326604,0.32213978178708325,0.831085930195482,0.03820328305462368,195245,0.012569832402234637,1.0737198033571016,0.31924654732972674,0.7734979563661794,0.05845951283739302,60760,0.04463276836158192,3.820328305462368,5.845951283739302
225,10,700,14,2,1.0398752756322567,0.32173595081914236,0.8308606561694009,0.03871886558539359,195202,0.012569832402234637,1.0741177612555382,0.3192986020472959,0.7727566149724717,0.05881772426724563,60798,0.04909706546275395,3.871886558539359,5.881772426724563
225,10,700,14,3,1.0398591260710592,0.3217529174890141,0.8308712778091025,0.03797241075047068,194931,0.012569832402234637,1.0733369330055902,0.3196286495031321,0.7732509236964563,0.057604409022655644,60603,0.04517221908526256,3.7972410750470678,5.7604409022655645
225,10,700,14,4,1.0392658572279432,0.3220924617561693,0.8310202292727288,0.037492953415671604,195130,0.012569832402234637,1.0770048766759128,0.3164164912757912,0.7747637633581875,0.05552447092123885,60766,0.047377326565143825,3.7492953415671604,5.552447092123884
225,10,700,14,5,1.0383801180877688,0.3225058275831887,0.8315812180952757,0.03785130065801611,195132,0.012569832402234637,1.0760001920709215,0.31728435670506866,0.7746299460606982,0.056933511559978216,60597,0.04630152456239413,3.785130065801611,5.693351155997822
225,10,700,14,6,1.0401625436343047,0.32153973667563424,0.831618707167767,0.03789804999077283,195076,0.012569832402234637,1.0764311595363798,0.31736228024656365,0.7753146188256536,0.05712782226899739,60811,0.047941342357586014,3.789804999077283,5.712782226899739
225,10,700,14,7,1.0395617557021648,0.32187890943315794,0.832144878534757,0.0381188879217654,195310,0.012569832402234637,1.0754135897571904,0.3185379047938212,0.7750229941818205,0.057052271905904,60874,0.04743083003952569,3.8118887921765396,5.7052271905904
225,10,700,14,8,1.040394619716733,0.3216140055420826,0.8310719220192193,0.03799052930221582,194917,0.012569832402234637,1.0730574270352198,0.3202274095899824,0.774854102569022,0.05799593301039893,60487,0.048478015783540024,3.7990529302215816,5.799593301039893
225,10,700,14,9,1.0382234489035855,0.3226477523146756,0.8320497370515109,0.037778335030680184,195403,0.012569832402234637,1.0741491629402782,0.31871460554992853,0.7743479476974726,0.05637742928137702,60769,0.04576271186440678,3.7778335030680186,5.637742928137702
225,10,700,14,10,1.0395730991392156,0.3222606730652653,0.831726315538652,0.03849957217004576,195171,0.012569832402234637,1.076600569864402,0.3172552353658718,0.7747403424204364,0.05605518060758073,60601,0.04853273137697517,3.849957217004576,5.605518060758073
225,10,700,14,11,1.040116069551582,0.3215459088964713,0.8313977679878208,0.03821551582745612,195104,0.012569832402234637,1.0739676647536511,0.3185685754226158,0.7737500791977647,0.05606458323015205,60573,0.04799548277809147,3.821551582745612,5.606458323015205
225,10,700,14,12,1.0413226291291398,0.32030277148747377,0.8318141097344771,0.03737594720743523,195179,0.012569832402234637,1.0758367724547502,0.3172525582263007,0.7727486229456685,0.057048142100836176,60633,0.045711060948081264,3.7375947207435227,5.704814210083618
225,10,700,14,13,1.040654582039697,0.32129413937518675,0.8314714513574123,0.03788867896512706,195309,0.012569832402234637,1.073026803480105,0.3205058829077737,0.77318434615666,0.058212810767231025,60777,0.047377326565143825,3.7888678965127056,5.8212810767231025
225,10,700,14,14,1.038464176931522,0.3224833537113715,0.8317686708581136,0.03784564631635026,195214,0.012569832402234637,1.0740603282366468,0.31898815326960156,0.7739244220903532,0.057502882556415745,60710,0.04630152456239413,3.784564631635026,5.750288255641575
225,10,700,14,15,1.0408124832361725,0.3211273379795402,0.8310347297024557,0.03800247228932966,194961,0.012569832402234637,1.0746951288940458,0.3188003577222385,0.7747409261093233,0.05644642945432372,60677,0.046275395033860044,3.800247228932966,5.644642945432372
225,10,700,14,16,1.038529857824762,0.3225739754358768,0.8314061816189248,0.038202971512770134,195456,0.01303538175046555,1.0709648392924058,0.32227634464856675,0.775709130586549,0.057783057783057784,60606,0.047377326565143825,3.820297151277013,5.7783057783057785
225,10,700,14,17,1.0380038952386934,0.3227671311789512,0.8312016156576358,0.038423352882775,195402,0.01303538175046555,1.0724839028480053,0.3207938387661363,0.7751665249138506,0.0569608824832975,60919,0.04683972911963882,3.8423352882775,5.696088248329749
225,10,700,14,18,1.04145670390337,0.32045795012575967,0.8309685786263542,0.03750904249588278,194913,0.012569832402234637,1.0745504117382727,0.3190048815365274,0.7742771070015567,0.055931080185553345,60360,0.04904171364148816,3.750904249588278,5.593108018555334
225,10,700,14,19,1.0410521207562364,0.3209054130583384,0.8313183380400991,0.037630665588238306,195346,0.012569832402234637,1.0742403061770163,0.319033904551709,0.7752111880857772,0.05787765457930375,60697,0.04858757062146893,3.7630665588238306,5.787765457930375
230,10,700,14,0,1.0392757295288715,0.3215533657711563,0.8325192429737251,0.038131408265708204,196426,0.012569832402234637,1.0733088050243065,0.3189506421343884,0.7760661770092642,0.055601250205625924,60790,0.0502540937323546,3.8131408265708204,5.560125020562593
230,10,700,14,1,1.0388060163275405,0.32171509982066526,0.8322057029383443,0.03782109729572787,196319,0.012569832402234637,1.07275082398408,0.31953146488797823,0.775431609486731,0.059230123594950876,60763,0.04517221908526256,3.7821097295727872,5.923012359495088
230,10,700,14,2,1.0390957002912917,0.3216268364255065,0.8321246243523773,0.03774305980188333,196248,0.012569832402234637,1.074223157519798,0.3189152581452398,0.7752097404618522,0.056641686568393315,60715,0.04909706546275395,3.774305980188333,5.6641686568393315
230,10,700,14,3,1.0379493987782566,0.32215203791900976,0.8320008113742144,0.03786832001713176,196127,0.012569832402234637,1.0711607784827186,0.31996389174981626,0.7756250954437282,0.05620350055263201,60619,0.04683972911963882,3.786832001713176,5.620350055263201
230,10,700,14,4,1.0387279361647281,0.3221064579562487,0.8319237270619296,0.038092862487973486,196441,0.012569832402234637,1.0761324406976223,0.317026561885687,0.7749353923705523,0.05683297895135901,60669,0.04853273137697517,3.8092862487973487,5.683297895135901
230,10,700,14,5,1.0387070112118078,0.32147636646710775,0.8322441724619684,0.03746347819890256,196458,0.012569832402234637,1.075530057095892,0.3171158863085331,0.7752998657381139,0.0563163639972214,60462,0.04576271186440678,3.7463478198902562,5.63163639972214
230,10,700,14,6,1.039058007617907,0.3211032954290839,0.8324779384864885,0.03733867106724119,196338,0.012569832402234637,1.0720554967673974,0.31922949083235364,0.7769719094332596,0.056198102016607354,60696,0.04683972911963882,3.733867106724119,5.619810201660735
230,10,700,14,7,1.0396461003224113,0.3211803155755526,0.8323704094639919,0.03759176483764878,196426,0.012569832402234637,1.0741282298322372,0.3185225670561396,0.7755847862727449,0.05711744651415584,60717,0.048560135516657256,3.7591764837648785,5.711744651415584
230,10,700,14,8,1.039084110722943,0.3218964309018852,0.8309832189525236,0.038130061399751135,196092,0.012569832402234637,1.0732326949567788,0.3189631718248137,0.7753515357331898,0.057442160659318835,60426,0.048505358150028204,3.8130061399751134,5.744216065931884
230,10,700,14,9,1.0393224749337542,0.32120559790498154,0.8328217910180886,0.037700512987541734,196496,0.012569832402234637,1.0733011076296572,0.31822490001219456,0.7758407577082262,0.05611470432946146,60608,0.048560135516657256,3.7700512987541734,5.611470432946146
230,10,700,14,10,1.0390848201128777,0.3215711521175308,0.8319569524589584,0.0380872722821763,196076,0.012569832402234637,1.0734118925964573,0.31856592999441335,0.7774336955045437,0.05554912625853489,60487,0.04853273137697517,3.8087272282176303,5.554912625853489
230,10,700,14,11,1.0388013313614528,0.3222476809697807,0.8322892741450645,0.037458013282838834,196193,0.012569832402234637,1.0721917851922729,0.32035878911506005,0.7741061644155708,0.056682833481804085,60618,0.051354401805869074,3.7458013282838833,5.668283348180409
230,10,700,14,12,1.0390075685281286,0.3218084619743135,0.8321705091907003,0.03752011734267729,196348,0.012569832402234637,1.0723584650676612,0.3199854489024282,0.775135930717127,0.057589381288803254,60723,0.046275395033860044,3.752011734267729,5.758938128880326
230,10,700,14,13,1.0367596727146569,0.32320273882529416,0.8316700422778724,0.038243460098321407,196295,0.012569832402234637,1.073818258956897,0.3190956126229559,0.7741980427374616,0.05842252593446402,60730,0.04735062006764374,3.8243460098321407,5.8422525934464025
230,10,700,14,14,1.0387955851240753,0.3216950914951893,0.8324156535063233,0.03777881940552493,196274,0.012569832402234637,1.0774643191397335,0.3146451936023553,0.7747073700630758,0.05543083525916144,60580,0.04853273137697517,3.777881940552493,5.543083525916144
230,10,700,14,15,1.0387761115536325,0.321736818668317,0.8314112408895928,0.038294164407574244,196244,0.012569832402234637,1.074548511999533,0.3179775908220177,0.7751049912951722,0.05719895072014254,60613,0.047941342357586014,3.8294164407574245,5.719895072014254
230,10,700,14,16,1.0377865313433159,0.32264798074347295,0.8324309505404472,0.037947610705992584,196376,0.01303538175046555,1.07276653016453,0.319802287753791,0.7753062432171002,0.057631088458937434,60627,0.04853273137697517,3.7947610705992583,5.763108845893743
230,10,700,14,17,1.039114292044804,0.3212821489021294,0.8320794956726563,0.03798813919659841,196614,0.01303538175046555,1.071620683864244,0.32025176425490914,0.7750920176668442,0.05790678901500799,60701,0.049069373942470386,3.7988139196598407,5.790678901500799
230,10,700,14,18,1.0384785233868499,0.32200692596249597,0.831908431180105,0.037934512408818614,196312,0.012569832402234637,1.0747480388391446,0.31804903803256157,0.7752505870607277,0.05569954601733389,60575,0.050169109357384445,3.7934512408818613,5.5699546017333885
230,10,700,14,19,1.0382623180259776,0.3219003396282673,0.8321038210089942,0.037921898281640144,196641,0.012569832402234637,1.0725755523306328,0.3196300140713799,0.7755880319653221,0.057046152835055784,60863,0.04858757062146893,3.7921898281640143,5.704615283505579
600,10,700,14,0,1.0181385864272305,0.30976563554411113,0.8552350968171244,0.029395546129374336,235750,0.012569832402234637,1.028292209665316,0.3251017213424565,0.8046824302373171,0.05087019579405366,55160,0.05251270468661773,2.9395546129374335,5.087019579405366
600,10,700,14,1,1.0177461361359337,0.3098263720252188,0.8553960423293993,0.029121440347880632,235943,0.012569832402234637,1.0295715385746604,0.32308980732804704,0.8066940252157696,0.0487343613616526,54992,0.04915254237288136,2.912144034788063,4.87343613616526
600,10,700,14,2,1.0182789095182794,0.30945379288639535,0.8553939964773157,0.02918634325004875,235898,0.012569832402234637,1.028442271875285,0.3247627393120362,0.8048985765835563,0.04982264665757162,54975,0.0502540937323546,2.918634325004875,4.982264665757162
600,10,700,14,3,1.0170547733146411,0.3101125576154945,0.8555531349873648,0.029259342438123163,235993,0.012569832402234637,1.0278676408134733,0.3249097726542939,0.8067160068741496,0.04902602122401512,55032,0.04912478825522304,2.9259342438123164,4.902602122401512
600,10,700,14,4,1.018121387893279,0.30955957617307517,0.8556072065856188,0.02951932570842568,235981,0.012569832402234637,1.0308680636776901,0.32330197739496574,0.8044201351902421,0.049543747618961236,55123,0.04971751412429379,2.9519325708425677,4.954374761896124
600,10,700,14,5,1.018092500634152,0.30951529208151024,0.8555371189891307,0.02927190735291004,236165,0.012569832402234637,1.0292396706491487,0.3246702503954693,0.8068539055209422,0.050084719514639164,54887,0.04915254237288136,2.927190735291004,5.008471951463917
600,10,700,14,6,1.0171904110451337,0.31013188060882874,0.8554552046678218,0.0296231286806324,235863,0.012569832402234637,1.0284038268404547,0.32546980831525424,0.8064022780180924,0.049288359596252995,55084,0.049689440993788817,2.96231286806324,4.9288359596252995
600,10,700,14,7,1.0175374981056156,0.3096588278875727,0.8560242785221291,0.02938434417059362,235976,0.012569832402234637,1.0282223138985516,0.32470331788172646,0.806309852788116,0.04870330629614811,54986,0.050818746470920384,2.9384344170593617,4.870330629614811
600,10,700,14,8,1.01787290555209,0.3096463039351742,0.8554842014484103,0.028854873842033446,235974,0.012569832402234637,1.027249512480443,0.32544602208480644,0.807891774261419,0.04854952379218036,54913,0.05194805194805195,2.8854873842033446,4.854952379218036
600,10,700,14,9,1.0177229654496638,0.3095746531178362,0.8559341328279508,0.02928687847935144,236215,0.012569832402234637,1.0297096184937458,0.3232901791548599,0.8043926583254201,0.05072068137147849,54948,0.05084745762711865,2.928687847935144,5.072068137147849
600,10,700,14,10,1.0175621067973286,0.3098598706008942,0.8561786373496753,0.029193120459766218,235946,0.012569832402234637,1.030068183121404,0.32312268858571025,0.8075852113236096,0.049019607843137254,55182,0.05194805194805195,2.9193120459766218,4.901960784313726
600,10,700,14,11,1.018028403020578,0.3098578933082304,0.8557770714993855,0.02940253705525218,235864,0.012569832402234637,1.0292997281911827,0.3241303405423052,0.8061144210334521,0.04879728823390795,55167,0.05084745762711865,2.940253705525218,4.879728823390795
600,10,700,14,12,1.0178801657949497,0.3096208801419714,0.855575337708067,0.02910550906022911,235866,0.012569832402234637,1.029437654599678,0.3238318930251029,0.8046357897725924,0.04867682583504368,55057,0.0502540937323546,2.910550906022911,4.867682583504368
600,10,700,14,13,1.0181399619678677,0.30962225403141164,0.8556785908949823,0.0293743588004375,235886,0.012569832402234637,1.0275084126673835,0.3256514133551375,0.8055953691915081,0.050450548651987503,55044,0.051354401805869074,2.93743588004375,5.04505486519875
600,10,700,14,14,1.0181721006844702,0.30939385571658773,0.8556324010525062,0.02909848914950048,236026,0.012569832402234637,1.0286441130132222,0.32446826190947986,0.8057889314099594,0.05107116920842411,55080,0.050818746470920384,2.909848914950048,5.107116920842411
600,10,700,14,15,1.0174742357898137,0.30988807172698946,0.8554060848696188,0.029373022562377966,236101,0.012569832402234637,1.0301091057145868,0.32273920379340887,0.8077904018364541,0.04887642495538479,54914,0.048560135516657256,2.9373022562377966,4.887642495538478
600,10,700,14,16,1.0168740339688327,0.3104216876728695,0.8555899622438407,0.029546504384087607,235967,0.01303538175046555,1.02742052851274,0.3251825496288531,0.8057577692784006,0.04947466176229583,54917,0.04743083003952569,2.954650438408761,4.947466176229582
600,10,700,14,17,1.0167046988233537,0.3103064207722971,0.8557087364252729,0.02976936894191012,236048,0.012569832402234637,1.0271702595447723,0.3253686440064311,0.8053836117652186,0.05115856428895956,55025,0.051354401805869074,2.976936894191012,5.115856428895956
600,10,700,14,18,1.0187825526404977,0.3088279613078971,0.8554796486181954,0.02931365526361521,235931,0.012569832402234637,1.0285433490115796,0.3248013958973637,0.8049388695059069,0.05046021755739077,54974,0.04909706546275395,2.931365526361521,5.046021755739076
600,10,700,14,19,1.0167523819155704,0.3102825738904491,0.8561383223859125,0.029422972698326673,236176,0.012569832402234637,1.0318294909358288,0.32211959419271924,0.806485575116454,0.04924063938526224,55178,0.04971751412429379,2.9422972698326673,4.924063938526224
