Anzahl_Slots,Max_Domains,Max_Events,Max_Days,Incl_Avg_Chord_Distance,Incl_Avg_Max_Cosine_Own,Incl_Avg_Max_Cosine_Other,Incl_Identification_Rate,Incl_Valid_Segments,Incl_Share_Single_Segment_Users,Excl_Avg_Chord_Distance,Excl_Avg_Max_Cosine_Own,Excl_Avg_Max_Cosine_Other,Excl_Identification_Rate,Excl_Valid_Segments,Excl_Share_Single_Segment_Users
10,2,750,31,0.4816720166371957,0.811655714683743,0.8469489266272127,0.3074988305440937,572916,0.01303538175046555,0.4835899527687927,0.8113634120725125,0.8434135064379085,0.32508506582580654,561330,0.02957121734844751
10,2,500,31,0.4816410813039727,0.8116529722667665,0.8470392306109209,0.3067354130630953,572927,0.01303538175046555,0.48353515545331693,0.8113813218668064,0.8436141110001798,0.32414208372600123,561331,0.029556650246305417
10,2,250,31,0.4796779553386945,0.8124199591071604,0.8469875308007194,0.30654570374055123,574942,0.01303538175046555,0.48156940519752145,0.8121806097215328,0.843748541198112,0.32338976913915723,563413,0.028064992614475627
10,2,100,31,0.4688570804442135,0.8166358311697192,0.8485926219960018,0.30373775333311787,587813,0.01303538175046555,0.4704023249438386,0.8167030832199934,0.8457900611220652,0.3183960586689334,576455,0.02702702702702703
10,3,250,31,0.7587272293037823,0.6685557400357872,0.750458130551987,0.31055507515684505,271765,0.013966480446927373,0.7596570472756021,0.6705437315196632,0.7354923716979865,0.33985133518711264,257492,0.03670686942842161
10,3,100,31,0.7203829214853683,0.6891171605511168,0.7603630887353591,0.3114731407532493,288988,0.013966480446927373,0.7200166685617686,0.6919604714310016,0.7485687258177349,0.33691537295032786,274983,0.035269709543568464
10,3,500,31,0.7655279837914288,0.6648175959008062,0.7483236208571636,0.3110090719809637,268960,0.013966480446927373,0.7666268889966668,0.6666276983317557,0.7325383344136814,0.34324834935211335,254597,0.03787480273540242
10,5,100,31,0.8510621299890847,0.5850765358169553,0.673901812244816,0.30414700271111555,149385,0.013966480446927373,0.8373468896567693,0.6001523403418833,0.6470892357464934,0.35174113698342774,133476,0.04835164835164835
10,5,250,31,0.951724407444396,0.5136641045547534,0.6343716350661387,0.28915643399829033,125171,0.013966480446927373,0.9415497203541872,0.5272063693019114,0.588969659885664,0.3568991677778289,108745,0.04589787722317843
10,5,500,31,0.9765202329416051,0.4952801725864585,0.6244160332948131,0.2817835391220421,120188,0.013966480446927373,0.967684121109741,0.5080000477411708,0.5720209640639947,0.3600652610441767,103584,0.05581395348837209
10,3,750,31,0.767213067366612,0.6638373534374684,0.7482074293152229,0.3101942742190847,268435,0.013966480446927373,0.7682941071133057,0.6656437833621345,0.7319155571512324,0.3429651059809884,254055,0.038441284886782515
10,5,750,31,0.9825867080889532,0.4907005396848434,0.6219881687617979,0.28155568056826674,119099,0.013966480446927373,0.9738180023033007,0.5033266666870507,0.5666307372940607,0.3618596936286467,102490,0.053309900410076154
10,3,1000,31,0.7675681652177748,0.6636686587859474,0.7482109014216959,0.3100136049350504,268285,0.013966480446927373,0.76863999301142,0.665488012661194,0.7317194028317223,0.3429092441542176,253901,0.03742751713231418
10,5,1000,31,0.9840869963080264,0.48961058773360455,0.6212051274662905,0.2817782342245269,118792,0.013966480446927373,0.9754805430040437,0.5020721284839448,0.5647364308298344,0.3642901171152661,102207,0.05346650998824912
10,7,250,31,1.0216504121766625,0.44395665862666883,0.5864815601232269,0.2686333735270591,83761,0.013966480446927373,0.9969408493800557,0.47293557548207377,0.5224211951797808,0.36720429299382207,66527,0.06536346976175932
10,7,500,31,1.0707975752050378,0.4022453070717882,0.5661062498698738,0.252513574601855,76982,0.013966480446927373,1.0486609704039471,0.43041503021236416,0.48235263301513986,0.37306980656013455,59450,0.07948717948717948
10,7,100,31,0.8712193312532754,0.5615657297909465,0.6504771796181807,0.30685993388226834,114039,0.013966480446927373,0.8429364175464473,0.5898987721255358,0.6209862938275069,0.3665409294983497,97558,0.052808988764044947
10,7,750,31,1.0821561865611637,0.3924052674946107,0.5610111523634992,0.24945726993540188,75544,0.013966480446927373,1.060158222963361,0.42064224046919985,0.4702211381900826,0.377047199930969,57945,0.07264397905759162
10,10,250,31,1.0597411834168073,0.4002368112457707,0.5639637616079357,0.2504630080904572,61554,0.013966480446927373,1.0109853785851015,0.4541982694096741,0.49344850489980313,0.37273722128493914,43862,0.08498402555910543
10,7,1000,31,1.0865884481951857,0.3883611934985962,0.5587660973760495,0.2486797183399125,74984,0.013966480446927373,1.0642304416105992,0.41716102408066785,0.4653759627376995,0.3815110522278781,57364,0.06887417218543046
10,10,500,31,1.1397606020694158,0.32582371136598076,0.5306707254226924,0.2159601951966319,52255,0.013966480446927373,1.0959867254052034,0.3785307787787751,0.42152964541928933,0.378496324283162,34143,0.10616929698708752
10,10,750,31,1.162192496625797,0.30457393584065245,0.5215323893896369,0.2080506106809292,50108,0.013966480446927373,1.1204105364541252,0.35654868909263077,0.39499827111485397,0.39096328835895827,31870,0.10217881292261458
10,10,1000,31,1.1727164276782633,0.29421562670750684,0.517704285059095,0.20149390058254005,49267,0.013966480446927373,1.1320594288747912,0.3455403641124379,0.3830757076626574,0.3964527571751048,31010,0.09210526315789473
10,10,100,31,0.8690508755110107,0.5592447987923848,0.6461253740027532,0.31072385514777523,98528,0.013966480446927373,0.8275090798301726,0.5995571243106848,0.6203363947402385,0.374315470369646,81808,0.05693348365276212
10,15,500,31,1.1838902074876985,0.27187280186801177,0.5166508243549004,0.18367610249529068,38753,0.013966480446927373,1.1071329023255374,0.36079455621415896,0.40292960991247195,0.3736296150631729,20341,0.14901960784313725
10,15,250,31,1.0686535379254556,0.385012100532661,0.5597698144180995,0.2486910481419747,50995,0.013966480446927373,0.993632795788807,0.4656041549928258,0.4966163910041752,0.3845223334442193,33067,0.10214703968770332
10,15,750,31,1.2248221092378244,0.2296965358240906,0.5026346180624601,0.1612558975511121,35608,0.013966480446927373,1.154032154354293,0.315179410483242,0.3547173907448737,0.38005295675198586,16995,0.14045936395759717
10,15,1000,31,1.244703208207394,0.20895267123150263,0.4963535777034372,0.14759642013818033,34303,0.013966480446927373,1.177675141404188,0.29204310886045104,0.3300665081437433,0.3862954211635481,15659,0.13731060606060605
10,20,250,31,1.0690373476138433,0.38289613022369745,0.561388580982186,0.24907470587019,48363,0.013966480446927373,0.9822543812893275,0.4754045366925658,0.5035094056985693,0.38986399710211744,30367,0.1095890410958904
10,20,500,31,1.1976366067817323,0.2536043581819679,0.5177300100880075,0.17227304307549793,34544,0.013966480446927373,1.0956088574011107,0.36969983314313637,0.4093166043516996,0.37466357889466106,15977,0.16976556184316896
10,20,750,31,1.2495762827717827,0.19782860647615233,0.502349458570812,0.13739386022207709,30620,0.013966480446927373,1.1507284789330552,0.31380874660051095,0.3550883055146908,0.36691805779171255,11801,0.16905444126074498
10,15,100,31,0.863381329455833,0.5623183489688739,0.6484818154547166,0.31582652473494466,93754,0.013966480446927373,0.8157861959477077,0.6083113592641648,0.625213482957257,0.3827542295797708,76958,0.058624577226606536
10,20,1000,31,1.2768658909266537,0.16839515256412843,0.4939711713292158,0.12131056888090136,28934,0.013966480446927373,1.183720407821692,0.28085740874676773,0.3218922413133789,0.3777446597118728,10065,0.1906283280085197
10,30,250,31,1.0675548935327168,0.3835291386868777,0.5639887969659095,0.24748389270223609,47494,0.013966480446927373,0.9762726520125805,0.48049795860320144,0.5082168125663966,0.39245999457553565,29496,0.10966057441253264
10,30,500,31,1.2037411950869548,0.24474568686822643,0.52071557479393,0.16482393384744032,32289,0.013966480446927373,1.0822129204181632,0.38127243969283103,0.4239423304671932,0.3712359879844677,13649,0.18063466232709519
10,30,750,31,1.2643105719335421,0.1780855120673807,0.5047176510687437,0.12138246173931964,27574,0.013966480446927373,1.1333346027693363,0.3287474358005438,0.3725471214623158,0.36536697247706423,8720,0.197252208047105
10,30,1000,31,1.2995808969032296,0.13879627085205928,0.49789262657714584,0.0940003141196796,25468,0.013966480446927373,1.1714452735286165,0.28959380747228997,0.33831230754871533,0.36497922757347284,6499,0.2356902356902357
10,20,100,31,0.8619310205267813,0.5634192964583806,0.6491968470394317,0.31761624099541585,93147,0.013966480446927373,0.8131661395056731,0.6104597080000621,0.6266175878203493,0.38490669881538947,76312,0.058624577226606536
10,50,250,31,1.0670120623017914,0.38396178591068075,0.5646497982194493,0.24571139197771824,47393,0.013966480446927373,0.9752190926223102,0.48138186738650895,0.5090237790649923,0.39210615855733244,29390,0.10966057441253264
10,50,500,31,1.203570685661154,0.24439108589446548,0.522383767019835,0.16315177420875632,31817,0.013966480446927373,1.0763167981915682,0.3869688160781623,0.4288870793269526,0.37371897062172627,13173,0.18144833197721724
10,50,750,31,1.2677109051157187,0.1733150427423676,0.506552943154497,0.12010180021707399,26719,0.013966480446927373,1.1228915422733683,0.3389151566849489,0.3840303940232286,0.3697286278506816,7849,0.2013752455795678
10,50,1000,31,1.3063569112634743,0.12970306035201748,0.5011416086890019,0.08604536489151873,24336,0.013966480446927373,1.1553273247894211,0.30553716971437794,0.35754447104478,0.36428304005990264,5342,0.25675675675675674
10,30,100,31,0.861648878897528,0.5635578140471708,0.6496313575500856,0.31731296135125553,93069,0.013966480446927373,0.8126198923721164,0.6108457570801984,0.6267138744537954,0.3851642946153342,76235,0.058624577226606536
10,50,100,31,0.8616437026481137,0.5635869499434311,0.6496547799966692,0.3172894032689642,93057,0.013966480446927373,0.812709720360418,0.6108131263024167,0.6267558626347076,0.3851119099472593,76222,0.058624577226606536
50,2,500,31,0.7238428868408104,0.6612389324077625,0.8192231016951704,0.16006108012091372,320890,0.012569832402234637,0.72416462553353,0.6749132249853005,0.7959889454220147,0.22163432635825675,276126,0.05818181818181818
50,2,250,31,0.7051532283627037,0.6710063841903672,0.8219621975234879,0.16053839909862977,330164,0.012569832402234637,0.703881879859195,0.6850992864120246,0.8003940710069123,0.21740164946866394,285789,0.05538302277432712
50,2,100,31,0.6463181199297405,0.7009543839154599,0.831823705106239,0.1593511345227731,362972,0.012569832402234637,0.6400114148039242,0.7163353682370265,0.8155881013411783,0.20678403257434771,320252,0.048254620123203286
10,2,1000,31,0.48195266341048526,0.8114930677325862,0.8470140066744712,0.3068457032102603,572695,0.01303538175046555,0.4838717280432263,0.8112027167991761,0.8434358095550508,0.32476207449652467,561100,0.028613714849531326
50,3,100,31,0.8105128672644811,0.5734641946350056,0.7852513245875659,0.13348039564505798,210795,0.012569832402234637,0.7493642279016863,0.6339788746401396,0.7446826569706202,0.19584543447036565,158043,0.053452115812917596
50,3,250,31,0.9340375009143063,0.4913457601170663,0.7643392958451977,0.12295775274896496,179704,0.012569832402234637,0.8851883225138523,0.5494346648956672,0.7001689169224024,0.20132419430097664,124302,0.07454863133372161
50,3,500,31,0.9770424892363472,0.4617272332909403,0.7571877938240409,0.12062359084590134,171202,0.012569832402234637,0.9338317672447011,0.5181129432182456,0.6828424770122049,0.20306164092144452,115167,0.07990459153249851
50,2,750,31,0.7273995095153107,0.6596280669106831,0.8182775900713388,0.1602610087619,319223,0.012569832402234637,0.7285426373819717,0.6728255122802119,0.7947880542290313,0.22308623342155726,274302,0.05726184279021343
50,2,1000,31,0.7298413927461224,0.6583436790487405,0.8182586785998102,0.16018242623115705,318156,0.012569832402234637,0.7312098281616558,0.6714596052209698,0.7945307355893363,0.22332795114289167,273123,0.0573215216258468
50,3,750,31,0.9878217385822822,0.4543949755790345,0.7553934921539149,0.1208943926007404,169098,0.012569832402234637,0.9483324995552853,0.5085498159931149,0.678118944408152,0.20241263083200284,112740,0.07701564380264742
50,5,250,31,1.094057849994875,0.3292019661897793,0.7320161041392912,0.07999823966905778,113615,0.012569832402234637,0.9289813150892872,0.4938673480408174,0.6250413370649582,0.1906816220880069,50996,0.11984021304926765
50,3,1000,31,0.9933443307844724,0.45029633903290334,0.7544351198962689,0.12069796357881836,168089,0.012569832402234637,0.9541829526178721,0.5044067852898089,0.6752862048653714,0.20394996236424245,111596,0.07789855072463768
50,5,500,31,1.1796378044650575,0.25708412537796715,0.7185547803183503,0.06702662267914684,104272,0.012569832402234637,1.0478759894964809,0.40263119876473824,0.5664247465096451,0.1865643759184995,40147,0.14882308276385725
50,5,100,31,0.8864902742133567,0.49370748122860697,0.7644987445266315,0.11125628619453007,146949,0.012569832402234637,0.7128647449208146,0.6481478932064312,0.7210397998961675,0.19528108469354236,88283,0.06436781609195402
50,5,750,31,1.2074504348828066,0.23274236975401894,0.7148511207849816,0.06321325011058142,101735,0.012569832402234637,1.0911688855953674,0.3675118544468216,0.5417244780144767,0.18585956677726526,37071,0.14552845528455285
50,5,1000,31,1.221212715091832,0.22053953730365958,0.713242580026647,0.06090613535359561,100581,0.012569832402234637,1.1115203728688592,0.351418885587669,0.5299614489871154,0.18879377867293276,35748,0.1490787269681742
50,7,500,31,1.2501239088564915,0.17603700180837356,0.7146060794057859,0.043303956752827874,88052,0.012569832402234637,1.0272139576673598,0.40816151805100376,0.5489669597658117,0.18965355365693362,21302,0.1854077253218884
50,7,250,31,1.1388583676924449,0.2762609167736723,0.7282602542756228,0.063550698090935,98268,0.012569832402234637,0.8709984095075564,0.5327446418433971,0.6354028274974861,0.19317706153202177,33446,0.14030261348005502
50,7,750,31,1.28815230035359,0.14030864370875723,0.7090984740221231,0.036370466899118326,85179,0.012569832402234637,1.1000845490533933,0.3453750491327796,0.5007430549843781,0.18893852853022677,17683,0.1903807615230461
50,7,1000,31,1.3068687003696349,0.12257714782824403,0.7072429683852491,0.033068389003420046,83917,0.012569832402234637,1.141736672701253,0.31089950795135235,0.47396589790415805,0.18405634505110946,16044,0.19804134929270947
50,7,100,31,0.8955334251348812,0.47970432792868095,0.7629767587972349,0.1087311590581953,134083,0.012569832402234637,0.6647294836891621,0.6826121209438297,0.7329451282145297,0.20393180189559362,73961,0.06624423963133641
50,10,250,31,1.1564635268024488,0.2542104560973926,0.7289812214081544,0.056644123362172845,92119,0.012569832402234637,0.8055301165032124,0.5851134305771659,0.667265386530024,0.19859804183016497,26249,0.14699792960662525
50,10,500,31,1.2829342924575229,0.13653696705858406,0.7154197490839929,0.030434782608695653,81190,0.012569832402234637,0.951363018728125,0.46837364895273087,0.5898202375550596,0.1971268341399708,13017,0.20837043633125557
50,10,750,31,1.3275376834523906,0.09271429296661088,0.7097009670992293,0.022331775401754274,78095,0.012569832402234637,1.0290871668087083,0.39920106731298755,0.5351514468028533,0.1972356296621325,9116,0.23510292524377033
50,10,1000,31,1.3491725859592505,0.0714339380599958,0.7081457826093855,0.017289451740671254,76752,0.012569832402234637,1.0925310646893547,0.34515181768558284,0.4880878699628396,0.19833810107614766,7341,0.2665832290362954
50,10,100,31,0.8960345262427694,0.47645283880901995,0.7647424286903309,0.10707822162665866,129849,0.012569832402234637,0.6410455338749748,0.7001078682146964,0.7433121499253265,0.20762522522522522,69375,0.06624423963133641
50,15,500,31,1.2922795028929264,0.12469637505277092,0.7170155372737995,0.027107823267126064,78944,0.012569832402234637,0.8923883802313461,0.5180688079125992,0.6325938748369062,0.20205709891377488,10403,0.2078853046594982
50,15,250,31,1.1602430943005362,0.2490931375466283,0.7303434330666045,0.055237673620718276,90355,0.012569832402234637,0.7781313813710443,0.6083919429500052,0.6847344114730234,0.2030258059196966,24258,0.14709944751381215
50,15,750,31,1.3388543483906161,0.07843848875586969,0.7118456977372015,0.017282353251828576,75742,0.012569832402234637,0.9481258386793572,0.46746378780772163,0.5987840300244126,0.20462830876525598,6309,0.2513721185510428
50,15,1000,31,1.3626404825359328,0.05468985494313354,0.7098553066954679,0.012600969305331179,74280,0.012569832402234637,1.0117631036526957,0.41400311174617493,0.560822466415944,0.20396536007292615,4388,0.3027166882276843
50,15,100,31,0.8959744327328348,0.4761679877500534,0.7653431300131084,0.10692028648497814,129012,0.012569832402234637,0.6359586606071309,0.7042510454246232,0.7460501905709523,0.20735927575381471,68485,0.06624423963133641
50,20,500,31,1.293465916547585,0.1231028182722435,0.717674349012128,0.02650507313719749,78551,0.012569832402234637,0.8785936137642909,0.5299948965457707,0.6431605443036518,0.2006830052229811,9956,0.2078853046594982
50,20,250,31,1.1607028997274922,0.24846026492088022,0.7307721960456411,0.05478022405045021,90069,0.012569832402234637,0.773861694580951,0.6119509701197325,0.6881839580656057,0.2001418854066686,23963,0.14709944751381215
50,20,750,31,1.340799737558907,0.07602778429821268,0.7124188650667794,0.017029529363318766,75281,0.012569832402234637,0.9261012218191126,0.4865241447849092,0.6190858724742321,0.20430663221360895,5805,0.25164835164835164
50,20,1000,31,1.3646872635346285,0.05201346744936955,0.7106031692311363,0.011542994946552683,73811,0.012569832402234637,0.9816753468219156,0.439366908095086,0.5897656696919458,0.20284605433376454,3865,0.3038961038961039
50,20,100,31,0.8961938182830377,0.47604572791790556,0.765545850137544,0.10589813371790995,128973,0.012569832402234637,0.636021350463092,0.7043223079820616,0.7462876002320554,0.20771196961951363,68465,0.06624423963133641
50,30,500,31,1.29373530347839,0.12271856060404708,0.7180962207451659,0.02628725941609377,78403,0.012569832402234637,0.8739806365649864,0.5341202867898738,0.6484780758648381,0.20265035677879714,9810,0.2078853046594982
50,30,250,31,1.1607881815274872,0.2483641017809599,0.7308572228067933,0.054594540545945404,90009,0.012569832402234637,0.7732960311976483,0.6124879242435614,0.6887478490656584,0.20053576660667197,23891,0.14709944751381215
50,30,750,31,1.3413820153211107,0.07523913821218142,0.712921301911955,0.016430549637835534,75104,0.012569832402234637,0.9166790598233836,0.4944999164481044,0.6290290343455778,0.20235546038543897,5604,0.25164835164835164
50,30,1000,31,1.3654105556697118,0.051083909254182394,0.7110290389417729,0.011384477441617193,73609,0.012569832402234637,0.9679192854194844,0.45153212778007557,0.606345534858062,0.2007690195001373,3641,0.3038961038961039
50,30,100,31,0.896177797710013,0.47606539189495195,0.7655409636382836,0.10593279474018825,128978,0.012569832402234637,0.636106026571625,0.704280755105226,0.7462615134402253,0.20755984634933616,68467,0.06624423963133641
50,50,500,31,1.293773870868644,0.12264334792329666,0.7181101599984986,0.026178144056336592,78386,0.012569832402234637,0.8734239849392774,0.5345855980876264,0.6491582483348995,0.202675107208495,9794,0.2078853046594982
50,50,250,31,1.1607620106844831,0.24840241818578415,0.7308699271482652,0.05466988101718641,90013,0.012569832402234637,0.7732361455636617,0.6125759897893785,0.6887439796811508,0.20087902888237757,23890,0.14709944751381215
50,50,750,31,1.3414751785408163,0.07515164918147837,0.7130071277636789,0.016568993074054343,75080,0.012569832402234637,0.915367528710906,0.49598095807943376,0.6308667601543967,0.20329867335962712,5578,0.25164835164835164
50,50,1000,31,1.3654572202381263,0.05100963632269452,0.7112234247806729,0.011253975589202707,73574,0.012569832402234637,0.9650005656920009,0.4541802727897495,0.609852803389901,0.20038856508465167,3603,0.3038961038961039
50,50,100,31,0.896177797710013,0.4760653918949519,0.7655409636382836,0.10593279474018825,128978,0.012569832402234637,0.636106026571625,0.704280755105226,0.7462615134402253,0.20755984634933616,68467,0.06624423963133641
100,2,500,31,0.8325695248103129,0.5597216646472634,0.8195301648210591,0.11016076572809219,269025,0.012569832402234637,0.8100467933511722,0.6025411378807302,0.7746090541814673,0.18518709757369534,193669,0.06188925081433225
100,2,750,31,0.8424163160544041,0.5539336044650094,0.8180148797738812,0.1096206293377471,265835,0.012569832402234637,0.8221516927455473,0.5957958562911932,0.7713037245088122,0.1874553214751272,190248,0.06260206859009254
100,2,250,31,0.7991324235169359,0.5794817511676285,0.8237072969010735,0.1108340290115661,280302,0.012569832402234637,0.7720128647098388,0.6232457855248954,0.7837793478243291,0.18083949754402315,206028,0.06091644204851752
100,2,100,31,0.7061938688396204,0.633804520654159,0.8359509583669351,0.11288983903420523,318080,0.012569832402234637,0.6668056454251337,0.6800713549739351,0.8078285620534128,0.1712002203651418,246863,0.0503711558854719
100,3,250,31,1.0346709206138236,0.3727742076475741,0.7910777509136037,0.07189696492508578,173999,0.012569832402234637,0.894007378272543,0.513801003074257,0.6977510817723206,0.16122473388350675,83610,0.09186189889025893
100,3,100,31,0.8668105016566657,0.49396373349735945,0.8096148921927474,0.08334337451019139,207479,0.012569832402234637,0.7012798801678178,0.6389410081893778,0.7589656392748522,0.15343080450701446,121677,0.059726962457337884
100,3,750,31,1.1235173878127125,0.30663886036961796,0.7820810511468802,0.06583798588433583,161381,0.012569832402234637,1.0213598550119334,0.42664646681057156,0.653784462298787,0.16363133452708506,68691,0.11838624338624339
100,3,500,31,1.1006558490463942,0.32380331305967563,0.7841802589612574,0.06621790381042307,164155,0.012569832402234637,0.989376453861668,0.4482594070512427,0.666221565589198,0.16419132752206986,72044,0.11269430051813471
100,3,1000,31,1.1326212154639048,0.29967392098072737,0.7811937266715713,0.06568517836061888,160097,0.012569832402234637,1.0361598325545964,0.41579497373012786,0.647254183427513,0.16961057127126083,67201,0.12157648630594522
100,5,250,31,1.168812527269019,0.2309316314542774,0.7813583579437939,0.03792213620554247,133695,0.012569832402234637,0.7979216992057374,0.5639246877194272,0.6839054404695986,0.16009491445980784,34136,0.14107883817427386
100,5,500,31,1.2697467424903626,0.1455341745990206,0.7729845599859108,0.026371180412745263,123999,0.012569832402234637,0.9767006404075985,0.42901451443317784,0.6040674950504398,0.15884147729860193,21959,0.1811965811965812
100,2,1000,31,0.8461928945965497,0.551653924802881,0.8172647248631594,0.11107503661980339,264884,0.012569832402234637,0.8263640191025052,0.5932785958750032,0.7704258613170425,0.18914162500396367,189218,0.06376021798365122
100,5,100,31,0.9330389541293532,0.421469451964492,0.8034990096460854,0.0657543431150701,167046,0.012569832402234637,0.5834510382315052,0.714162488090968,0.7705425147006333,0.1564226240198324,74222,0.07014492753623189
100,5,750,31,1.3032554284223223,0.11667141796751399,0.7700304717404577,0.023633349006409465,121227,0.012569832402234637,1.0657811381253828,0.3599279151538048,0.5574227981839185,0.160412147505423,18440,0.1902439024390244
100,5,1000,31,1.31985385269378,0.10216918137904832,0.7692353075249247,0.021425951245539733,119948,0.012569832402234637,1.1171286682647061,0.3206232014438785,0.5298985220966986,0.16276018369416115,16767,0.20376175548589343
100,7,500,31,1.3041149435522263,0.1055998678911607,0.7739030355064268,0.017639216490616345,117012,0.012569832402234637,0.8525205460172492,0.5214131327963494,0.6468121368805616,0.17290792494656004,12631,0.2115732368896926
100,7,250,31,1.1935805135466047,0.2019300914329524,0.7817875849636016,0.030742523475104554,126730,0.012569832402234637,0.693074423038349,0.641598382856216,0.723508480179706,0.1670217803030303,25344,0.15481171548117154
100,7,750,31,1.3420184289783017,0.07142169521672605,0.7710379042365401,0.012201851738304004,114163,0.012569832402234637,0.9473465178607957,0.44468412105382854,0.591419399587936,0.18869839837581773,8866,0.23322332233223322
100,7,100,31,0.9422514456027345,0.4099963601363516,0.8042561681110814,0.06138349137260998,160825,0.012569832402234637,0.5379318936497415,0.7474530851915133,0.7857186307827345,0.15624765703489332,66689,0.07130434782608695
100,7,1000,31,1.360436155347475,0.05501558234165731,0.7703327873546381,0.010228006688904029,113023,0.012569832402234637,1.0360623293427145,0.37711202202630717,0.5409385359310683,0.19517299107142858,7168,0.2786885245901639
100,10,500,31,1.3134848162486648,0.09413971800401306,0.7754274506711423,0.01417957896753852,114813,0.012569832402234637,0.7565895624002089,0.5956518364017476,0.7018786707807317,0.17859321000203293,9838,0.21435059037238874
100,10,250,31,1.1994538598982023,0.19452461743318789,0.7829546561693014,0.02815162761616955,124753,0.012569832402234637,0.6437428099605379,0.679979361716406,0.7496922910754572,0.1604050677304809,22811,0.15561758548499652
100,10,750,31,1.3526645316485095,0.058577815869302705,0.7723396251229714,0.008919483580650346,112002,0.012569832402234637,0.8311295317913571,0.5333704430067272,0.6645431671825672,0.18779108449767132,6012,0.2578125
100,10,100,31,0.9433235445553229,0.4080207920588833,0.8049897891865074,0.06030570289695866,159305,0.012569832402234637,0.524342132552798,0.7571494778022493,0.7914419857567258,0.15490530914909,65001,0.07130434782608695
150,30,500,31,1.3240889776984697,0.0790681408517098,0.8009092613969313,0.009164321993641977,136835,0.012569832402234637,0.6334376543444349,0.6659406805844671,0.7635931703428688,0.1492722554439806,8863,0.21695533272561532
150,30,250,31,1.2185846235166564,0.1682646702010181,0.8073781151263387,0.01918563397194476,146568,0.012569832402234637,0.5486698192309752,0.7261755037462975,0.7886548521795516,0.13772842933148277,21615,0.15427769985974754
3,2,250,31,0.309212577043319,0.8841696197961875,0.8691949011845957,0.3653748990893333,900549,0.0148975791433892,0.3093593825755655,0.8840059642214372,0.8683501859148668,0.3693692085200593,896144,0.019230769230769232
3,2,100,31,0.3074899161344691,0.8848630028253126,0.8694615340888581,0.364253080896836,904201,0.0148975791433892,0.3076493849056871,0.8847197314344045,0.8686937776960506,0.36764568598773967,899812,0.01874098990869774
3,2,50,31,0.3031694646929223,0.8864246723003515,0.8703129202456084,0.3608894031349605,916120,0.0148975791433892,0.3032599337210878,0.8863963782945895,0.8697054844416666,0.3640127440926963,911795,0.01777137367915466
3,2,25,31,0.2914476388674789,0.8906656731255523,0.8728578999547756,0.3483422578148446,949635,0.0148975791433892,0.2915036919708953,0.890707021066155,0.8723684444506846,0.3507740314689938,945375,0.01820795400095831
3,3,50,31,0.5647254749286269,0.7870067238998923,0.7883209437403044,0.45070893248376476,457801,0.016294227188081937,0.5649011120347612,0.7872955677813392,0.7860485897826444,0.4567828164821138,452806,0.023118544023610427
3,3,25,31,0.5075156854050684,0.811230507300449,0.8044288178353498,0.4320522154177973,513718,0.016294227188081937,0.5076280568718643,0.8115578883424586,0.8028965572506935,0.4360521785610414,508868,0.024878048780487806
3,3,100,31,0.5892296695808903,0.7761011342614769,0.7814224192070535,0.4542136535885606,436735,0.01675977653631285,0.589483126857721,0.77625329293439,0.7785963002792907,0.4614411667956208,431678,0.02418558736426456
3,5,25,31,0.5793090077929924,0.7686056782810237,0.7525801617724656,0.4484583003246501,321885,0.018156424581005588,0.5779165288276737,0.7700983697398408,0.7500330002781542,0.454729755333527,316676,0.028698664027709056
3,3,250,31,0.5977980412286622,0.77233732669032,0.7783120511214462,0.45655674382672956,429756,0.01675977653631285,0.5980652459315213,0.7724198696825983,0.7750760079937279,0.4644765378664965,424663,0.026224641266699655
3,5,50,31,0.7128012429376578,0.6965687621639871,0.6910622773063025,0.4769035532994924,232460,0.018156424581005588,0.7116135210177913,0.6981661229380314,0.6853735554659786,0.488987366306627,227012,0.03145611364789447
3,5,100,31,0.7939742613793794,0.6485704912848137,0.6500643043433748,0.48699106256206554,196365,0.019087523277467412,0.7929293833439547,0.6502094090070177,0.640406315940984,0.5057683336565627,190783,0.042871900826446284
3,3,500,31,0.5988572574605151,0.771759402864023,0.778232642363984,0.45680667644473255,428851,0.01675977653631285,0.5990831190761485,0.7718609075175092,0.7748221061761205,0.46508845579334124,423771,0.02821782178217822
3,5,250,31,0.8301982479549062,0.6259251216878081,0.6317880703853677,0.48776340957020714,183507,0.019087523277467412,0.8292295129251789,0.6275434523532534,0.6183487526232574,0.512945593103177,177937,0.03668763102725367
3,5,500,31,0.836672255051094,0.621859640050024,0.6284800056674503,0.4871104207290875,181542,0.019087523277467412,0.8357763759770498,0.6233887771236593,0.6135488981310931,0.5155648768621299,175941,0.03734876380852183
3,7,50,31,0.7289608428336197,0.680934464924197,0.6646321124953637,0.49536693950554683,179471,0.018156424581005588,0.7254446299079138,0.6844208284758961,0.6580034797389721,0.5112832100085666,173931,0.0368474923234391
3,7,100,31,0.8516593218138798,0.6001509398731975,0.591204341306837,0.5111428089387874,130398,0.019087523277467412,0.847956442084703,0.6043663808580283,0.5770770915546231,0.5393940852709447,124638,0.032
3,7,250,31,0.9255051068693134,0.5475710222472636,0.5431858178765893,0.5187905396859812,110694,0.019087523277467412,0.9226442697581934,0.5514572867942779,0.5191185990280476,0.5632429340832181,104905,0.031868131868131866
3,7,500,31,0.9398984463861574,0.5368652031751965,0.5336992936838089,0.5180841481646563,107691,0.019087523277467412,0.9368820243215479,0.5408873993621881,0.5057677217961817,0.5707707864947917,101857,0.03105934553521908
3,7,25,31,0.57468816402915,0.7696675102473224,0.7478675270061639,0.45683298078283463,289793,0.018156424581005588,0.5723521539696746,0.7718453766179666,0.7454417751596202,0.4634522654745336,284532,0.031203566121842496
3,10,50,31,0.7231178915499961,0.6832853292587626,0.6605650005292282,0.5077891904349614,160543,0.018156424581005588,0.7182188273416307,0.6879788288419834,0.6544274418172996,0.5237118191320507,154986,0.037929267042542285
3,10,250,31,0.986598834580825,0.489997805578393,0.47886778752705966,0.5421948204995545,69582,0.019087523277467412,0.9793058738206052,0.4987802470555166,0.4457314650541317,0.6110753178182504,63637,0.049255441008018326
3,10,500,31,1.0190717778752507,0.46317801001363756,0.45534993694935305,0.540877182083618,64388,0.019087523277467412,1.0115443789994376,0.47247357713726446,0.4110258981678492,0.6335342053002808,58412,0.05111633372502938
3,10,100,31,0.8642351607498006,0.5853636644744504,0.5648182884955,0.5376216545012166,98640,0.019087523277467412,0.8567518118427536,0.5931347209148143,0.550149993128306,0.5699948311509304,92864,0.04636118598382749
3,10,25,31,0.5715317128442859,0.7716222294748202,0.7479743753306961,0.4587227964987203,282868,0.018156424581005588,0.5689970140092296,0.77395619430919,0.7455255830734749,0.4660410324765387,277585,0.030738720872583045
3,2,500,31,0.3093638870277824,0.8840933546911208,0.8691359158429782,0.36539980602133765,900099,0.0148975791433892,0.309518960705713,0.8839134115314607,0.8682313804730983,0.3697262271325636,895706,0.019230769230769232
5,2,50,31,0.36398034756363457,0.8620202142003198,0.8630346618640028,0.3390762092347936,770694,0.013966480446927373,0.3642601863739721,0.8620921386402188,0.8619064094733275,0.34485871862140255,764255,0.019854721549636804
5,2,100,31,0.37348618157801955,0.858258878691446,0.8612787156255202,0.34468564714701344,752387,0.013966480446927373,0.37394449276865926,0.8581170027474752,0.8600700826155457,0.35172909330012375,745969,0.019408054342552158
5,2,25,31,0.34057638435350424,0.8706692479997885,0.8671138978396014,0.3239357870963804,819150,0.013966480446927373,0.3407883266595004,0.8708502627864216,0.866245437699617,0.32793540696050777,812843,0.02027027027027027
5,3,25,31,0.528944163289894,0.7947417789566397,0.8046234086939335,0.37032361517301915,460238,0.015363128491620111,0.5286077934575123,0.7957463938980789,0.8021119681335765,0.3770647083630487,452909,0.027545499262174127
5,3,50,31,0.6129422803317305,0.7572858912609359,0.7813039756174199,0.38719968864661136,390553,0.015363128491620111,0.613282558701465,0.7580538562789582,0.7772211135956921,0.39789967432154677,382893,0.029865604778496764
5,2,250,31,0.3770006521086013,0.8569412755446474,0.8604211360705526,0.3466049502733391,745777,0.013966480446927373,0.3774896802199176,0.8567049736719651,0.8590252440554761,0.35432066536907614,739319,0.02040816326530612
5,3,250,31,0.673003418707478,0.7285565336731493,0.7649862742331727,0.3932808401933399,351919,0.015363128491620111,0.6738296149638746,0.7287571531651222,0.7586807581687649,0.4091285655734131,344019,0.03276209677419355
5,3,100,31,0.6551114220935312,0.7372956544925372,0.7695462212878331,0.39440499983436944,362252,0.015363128491620111,0.656050130684214,0.7375486186403019,0.7643602207554185,0.4069809761065767,354449,0.030607124937280482
5,3,500,31,0.6760246867629766,0.727087567267811,0.7641466132197582,0.39405615062546556,350379,0.015363128491620111,0.6767890493623424,0.7273148117528472,0.7574494886880146,0.41012725499471475,342462,0.034326097930338216
5,5,100,31,0.8282118949610343,0.616561071153395,0.6533723249412605,0.40889930837722965,171047,0.016294227188081937,0.8250727327298588,0.6208090562560166,0.6375989594409515,0.4377263209754896,162380,0.03668261562998405
5,5,50,31,0.7204945486368936,0.6834062615256623,0.7026911593526699,0.40531679551757843,213813,0.015828677839851025,0.7165854298421706,0.687681989404452,0.6943863595618093,0.4238389324456514,205479,0.037017994858611826
5,5,250,31,0.8887049622352018,0.5762630998162042,0.6256311687235943,0.40407540078689297,153261,0.016294227188081937,0.8863635885449092,0.5799630844678538,0.6022813507979647,0.44535568331370784,144370,0.03639326453014666
5,5,500,31,0.9000106987059939,0.5685433724595885,0.6199511504876191,0.4050276728220957,150328,0.016294227188081937,0.8977578290039263,0.572200681025168,0.5932875050418058,0.45191743333356904,141413,0.03770491803278689
5,5,25,31,0.5687070196062918,0.7675749275608108,0.7672064456527473,0.3817522012216019,312213,0.015828677839851025,0.564905395418071,0.7710831218020782,0.7637066872185581,0.39149432462177836,304385,0.03139013452914798
5,7,50,31,0.7238545290789364,0.6766995630513921,0.6869782331690901,0.4194556538164334,174705,0.015828677839851025,0.7161594668922625,0.6840376101527041,0.6778598951937582,0.44112741526622873,166079,0.042916235780765255
5,7,250,31,0.97420400489205,0.49985805140480216,0.5508322640943955,0.4099911073913271,95585,0.016294227188081937,0.9669784839098079,0.5089884661969774,0.5130087172151313,0.4780277057079318,86336,0.03901319563970167
5,7,100,31,0.8686577650564621,0.579047994361924,0.61101748518831,0.4234735063789416,120161,0.016294227188081937,0.8593070480377384,0.5890606548757299,0.5908512693811537,0.4633439791282443,111155,0.04209950792782941
5,7,500,31,0.9983152157251411,0.48080423014646445,0.5373735062308796,0.40761608278160216,91228,0.016294227188081937,0.991810312681139,0.48952166400352304,0.4907075334939788,0.4921435286361361,81907,0.046064139941690965
5,10,50,31,0.7166390970154576,0.6805468474502846,0.6855855619693135,0.4301305437669074,161172,0.015828677839851025,0.7064702600929726,0.6899262363480155,0.6774968377776724,0.45222349664099626,152575,0.04710144927536232
5,7,25,31,0.5620869242010372,0.7704425092922014,0.7646494945972284,0.3891101889952898,288949,0.015828677839851025,0.5571387811939863,0.7748032042616732,0.761615948014437,0.3989106808067081,281093,0.03339980059820538
5,10,250,31,1.023612748664012,0.44856240372154227,0.5058217791377333,0.4097204773869347,63680,0.016294227188081937,1.007504274743883,0.4673486318776741,0.45648591798505306,0.5078632604843473,54176,0.06279904306220095
5,10,500,31,1.073697075443815,0.4047413194103811,0.4746625764317263,0.3966085561685851,56731,0.016294227188081937,1.0589661677609044,0.42324459022136784,0.406815069159741,0.5261246336179431,47082,0.06855345911949685
5,10,100,31,0.8720529068090933,0.5717804337845556,0.5961437895907923,0.43584363501054285,96748,0.016294227188081937,0.856268912455552,0.5878371985731924,0.5761132489903531,0.48190680578068995,87602,0.04911699779249448
5,10,25,31,0.5590287982483816,0.772410411027519,0.765094746707458,0.39271671872858815,284597,0.015828677839851025,0.5537109395813535,0.777081913879104,0.7621722346122993,0.4028475409243667,276730,0.03291770573566085
5,2,500,31,0.37740890366513163,0.8568073354012761,0.8604487590802211,0.3469713156778637,745076,0.013966480446927373,0.37789175694934934,0.8565627676258807,0.8589263122103994,0.35496920056860487,738650,0.020418084589207585
10,3,50,31,0.6477250652002584,0.7263226736071466,0.7800363449634241,0.3066967709214896,327307,0.013966480446927373,0.6462651728066949,0.7295235243865271,0.7717267354700317,0.3261070434023463,313854,0.037582529202640935
10,3,25,31,0.5331935180458751,0.7815532664062684,0.8110434108668927,0.28996588322648587,412114,0.013966480446927373,0.530049059949426,0.7852746388027985,0.806621904705406,0.3029005538695752,399372,0.03128103277060576
10,5,50,31,0.7108149511055022,0.6759569156418372,0.7272350370887497,0.31396250581625146,199871,0.013966480446927373,0.6966146318210059,0.6895601710071765,0.7145363230238014,0.34326525091302584,184825,0.04585721730067743
10,5,25,31,0.5442085920294737,0.7705966113712911,0.7889419999147681,0.30171386404673045,306267,0.013966480446927373,0.5332413986738789,0.7800010548363234,0.7842198651971466,0.3169859933640188,292647,0.03308270676691729
10,7,50,31,0.7059916400302364,0.6758542484144379,0.7213976325872717,0.32141269135488787,173173,0.013966480446927373,0.6835881341130576,0.6962278542632703,0.7092515862228971,0.3558268210598369,157779,0.05070569785676947
10,7,25,31,0.5378765437876187,0.77440882675152,0.7886399163243326,0.30440559032438574,291289,0.013966480446927373,0.5250181986995205,0.7852299586489235,0.7838599730232088,0.32023755468586707,277494,0.03261414952333166
10,10,50,31,0.6997570810135897,0.6794200465629371,0.7214674942398457,0.32574250218382994,164848,0.013966480446927373,0.6741430114273164,0.7024355832465418,0.7107571476410287,0.3600703947324398,149443,0.05023547880690738
10,10,25,31,0.5362978179877999,0.7753369202831001,0.7889637273763487,0.3052029885678279,288834,0.013966480446927373,0.5227655459416838,0.7866772171223874,0.7848859964052799,0.3201393079680377,275074,0.03261414952333166
10,2,50,31,0.44478376840081074,0.8261776081409664,0.8534469472070149,0.2951602824571571,617722,0.01303538175046555,0.44569280533227884,0.826644910635731,0.8511322718165472,0.3069006784958361,606636,0.02692119432207538
10,2,25,31,0.3981097733486721,0.843992136921321,0.8622974876777297,0.2753947481366491,687337,0.01303538175046555,0.3982885682280691,0.8448366232035086,0.8605619832791107,0.28290705250855835,676823,0.02531645569620253
15,2,100,31,0.5228841943902939,0.7897672843924535,0.842408672620685,0.2694247129234782,511449,0.012569832402234637,0.5249118077037642,0.7907094271488649,0.8377158028609007,0.2909773935230697,495389,0.030272952853598014
15,2,50,31,0.4865093529626702,0.8044018249216319,0.8487049561723554,0.26126692201077106,549063,0.012569832402234637,0.48750561210382,0.8058678358415777,0.8451541916757572,0.2779409946150935,533714,0.02960039467192896
15,2,250,31,0.5420572627217873,0.7819482894766033,0.8387620706171832,0.2732613872422354,493425,0.012569832402234637,0.5451654635317026,0.7822364107271658,0.83347717260812,0.298026790055156,477192,0.030393622321873443
15,2,25,31,0.4228380071877695,0.8302197904660087,0.8600752994351432,0.2447045946653342,630405,0.012569832402234637,0.4224592858408908,0.8320914761026987,0.8576349530145211,0.2553601584827228,615840,0.027357107962872496
15,3,50,31,0.6564722279376372,0.7116913473134333,0.7845458845953626,0.2588923982603807,302365,0.013500931098696461,0.6504886659176826,0.7193937703840724,0.7731589065732223,0.2858686021103019,283277,0.038046272493573265
15,3,25,31,0.5273797118765771,0.7768650962025445,0.8167717023935225,0.2485475745510685,393824,0.013500931098696461,0.519859965614239,0.7841942689475335,0.8110133617845933,0.2640255258326846,376403,0.03251625812906453
15,3,100,31,0.7476177566017226,0.6626392517092716,0.7610942995920797,0.2608709117938553,258304,0.013500931098696461,0.7440808067086848,0.6697265828756808,0.7432844549583458,0.29593600295319356,238386,0.04012671594508976
15,3,250,31,0.8025184443823169,0.6319481755261098,0.7469560120428831,0.26047940788447677,237251,0.013500931098696461,0.8024200128409612,0.6367996217747222,0.7237403296620121,0.30193494201634524,216699,0.046038543897216275
15,3,500,31,0.8146386431715856,0.6249685286771537,0.7438055392039793,0.25908108874275726,232819,0.013500931098696461,0.8147971014032256,0.6296503879085686,0.7191125150256282,0.3033426656485959,212166,0.04736275565123789
15,2,500,31,0.5456481861848084,0.78051001565817,0.8385352266039635,0.27334754362525626,490255,0.012569832402234637,0.5490705380881619,0.7805141851803418,0.8329621398874814,0.29922999029576813,474020,0.03243512974051896
15,5,100,31,0.8558993641476221,0.5700194244395465,0.6931850861591982,0.24788562364451805,142477,0.013500931098696461,0.8270874701459168,0.5993149739852263,0.6594792955065009,0.30603480562283086,120153,0.04882154882154882
15,5,250,31,0.9835548115790393,0.4765023422357863,0.6504803449179217,0.222937797130168,115059,0.013500931098696461,0.960835393896716,0.5043011934452096,0.5890443375846749,0.3052521191995106,91544,0.06814106395696354
15,5,50,31,0.6984640293343922,0.6739647627208052,0.7457571234474344,0.26223861737251863,196264,0.013500931098696461,0.6713822313204816,0.6985112620302444,0.7303729454389096,0.301028059231721,175379,0.05392670157068063
15,5,500,31,1.021036104974566,0.4472465699923483,0.6373863776567658,0.2146531337130658,108673,0.013500931098696461,1.001657903470633,0.4732886154667433,0.5641828731339648,0.30418814888057066,84954,0.07455329636475662
15,7,100,31,0.8699579901386822,0.5512039773178218,0.6786833545328539,0.24423110643520954,114060,0.013500931098696461,0.8174806242764865,0.6016812537048242,0.6461654844268475,0.3123899647887324,90880,0.054988662131519275
15,5,25,31,0.5298375205086643,0.7719284389334791,0.8013098630222464,0.25661233038290254,306057,0.013500931098696461,0.5112725040525031,0.7874449637426834,0.7959608003376866,0.2747547330088637,287238,0.036180904522613064
15,7,250,31,1.0467491856658304,0.40947246782403707,0.6167490657412654,0.20042297855597088,81328,0.013500931098696461,0.9966275567645425,0.46523791983343943,0.5378619832273155,0.30905279475751757,56767,0.08433734939759036
15,7,500,31,1.1121094340655768,0.3524261361374497,0.5947652372971535,0.17928428175778,73297,0.013500931098696461,1.0682099114417078,0.4058415034697247,0.48545291610224467,0.3131177092182417,48263,0.09153952843273232
15,7,50,31,0.6938855324926346,0.6743496334285894,0.7421813236068662,0.2670259088675299,174998,0.013500931098696461,0.6557557488803568,0.7081589541649929,0.7292732263197255,0.30756968482419383,153692,0.0540398740818468
15,10,100,31,0.8670472390086674,0.5494622800043218,0.6783593925275264,0.24793453150084185,102156,0.013500931098696461,0.7961678355397722,0.6167114712803091,0.6505432040749068,0.3225465878013102,78615,0.05792163543441227
15,10,250,31,1.079319922371712,0.3698683865565125,0.6045768365547056,0.17963218246757315,63836,0.013500931098696461,0.9910191915292964,0.46410514600673003,0.5252040781570813,0.3142146576513562,38601,0.10950819672131147
15,10,500,31,1.1769828106840456,0.27778307123089,0.573453606633416,0.14219283993501036,53547,0.013500931098696461,1.1001017921458738,0.3674717655968522,0.44226431351066053,0.3039081124033808,27686,0.13555383423702555
15,10,50,31,0.6879104614356023,0.6778543499263321,0.7434300124033651,0.27078531177226967,168761,0.013500931098696461,0.645177286606541,0.7155586117132852,0.7325173917668701,0.31252036272806255,147328,0.0540398740818468
15,7,25,31,0.5239991964967144,0.7754106679482968,0.8013842801381967,0.26119550073062153,294270,0.013500931098696461,0.5027368904678007,0.7928947017686421,0.7962728067725852,0.2806472816277913,275367,0.036180904522613064
15,10,25,31,0.5220454586531995,0.7766686392439512,0.8018014329613354,0.261748523633827,292441,0.013500931098696461,0.5003979675253091,0.7944294434050688,0.7967881884566842,0.28099493900476846,273464,0.036180904522613064
25,2,250,31,0.6151750204274047,0.7397086752650588,0.8292761243017878,0.2252765974017124,410886,0.012569832402234637,0.6192658513717261,0.7424006661627053,0.8193329759502271,0.2640161487593026,385912,0.039026862645717184
25,2,100,31,0.5827997013724968,0.7540874981249125,0.8355504573104594,0.22176449921812033,435489,0.012569832402234637,0.5848040466966709,0.7578254094283424,0.8271453323526949,0.25468080032316626,410934,0.037298387096774195
25,2,50,31,0.5284611795210056,0.7775095996125215,0.8454502570495539,0.21437929090245764,482416,0.012569832402234637,0.5277190163252787,0.7821883799892598,0.8389783856515719,0.239792829171186,459138,0.038403990024937655
25,3,50,31,0.6615970849160789,0.6935865794545987,0.7934900946168533,0.20468934013775383,280210,0.012569832402234637,0.6421674026699441,0.7132044724919175,0.7771772643838257,0.239374900588516,251480,0.045761830473218926
25,2,25,31,0.44459696639498003,0.8136956308711915,0.8598473745780005,0.20268086899294177,574366,0.012569832402234637,0.4419075292207913,0.8183605557624559,0.8559742111831252,0.21866620346748017,552678,0.035346097201767304
25,3,100,31,0.7749360604170799,0.628782259747462,0.7672589955219146,0.19793323768200122,230699,0.012569832402234637,0.7595075660952713,0.6482286134001903,0.7404599643183051,0.24650802766610902,200245,0.04432432432432432
25,3,25,31,0.517132052182063,0.7712192407605858,0.8263307117641184,0.19981522366407767,377754,0.012569832402234637,0.4993526993489481,0.786880356123916,0.8188737941335902,0.22077641596026132,351899,0.03264691109994977
25,3,250,31,0.8547326095249622,0.5807215597159449,0.7487880347941617,0.19603073421159323,204723,0.012569832402234637,0.8444267017496568,0.5983024049364297,0.7116521625434212,0.2532960493627445,173086,0.05204872646733112
25,2,500,31,0.6231894381968847,0.7361201883563397,0.8283546733450026,0.225854665077661,406124,0.012569832402234637,0.6279488951636353,0.7384153153572603,0.8178078483407991,0.26582135620623404,381004,0.0416243654822335
25,3,500,31,0.878303535634505,0.5656841016282503,0.7441160748157708,0.19540902260189005,198302,0.012569832402234637,0.8692858965653013,0.5828523181087831,0.7027790143110001,0.2559828880089886,166433,0.05757406372275014
25,5,100,31,0.8614899525075591,0.5460278456744654,0.7215474846055674,0.18238908337500892,139970,0.012569832402234637,0.7927894794180523,0.6117280768016475,0.6806273030524757,0.2550101765513324,105635,0.05400795906765207
25,5,50,31,0.6880779837362543,0.6653306514214367,0.7686253855058972,0.20358912466708423,196371,0.012569832402234637,0.6310008045667613,0.7148829112472587,0.7509622992518276,0.2511282671153414,164633,0.0558777016341592
25,5,250,31,1.0233672930684963,0.4237415265212434,0.6803211269196763,0.15434386697050398,109269,0.012569832402234637,0.9650599701733569,0.4886412036446609,0.5971606617868014,0.24987344889387492,73093,0.085
25,5,500,31,1.0822905462820327,0.3759789446456628,0.6670056239605532,0.14239188362315694,101326,0.012569832402234637,1.032446560384062,0.43707033814055274,0.5594152160753674,0.2508457742325957,64438,0.09501661129568106
25,7,100,31,0.8720073709194257,0.5301229317157267,0.7155703589636575,0.1783431982554664,118771,0.012569832402234637,0.7663234287981031,0.6282791612683061,0.6798680255258401,0.2603287908284664,83214,0.06225014277555682
25,7,250,31,1.0807180442013065,0.3592626398229191,0.6635004559035318,0.13140497840147014,83802,0.012569832402234637,0.9694323910292231,0.4753073404860372,0.5685688022698803,0.2518749454957705,45868,0.12318840579710146
25,7,500,31,1.1704539889241652,0.2794313955670633,0.6419769779625075,0.10598582552212912,74359,0.012569832402234637,1.078635328654335,0.3854537081104292,0.49814929096128685,0.24651543366627165,35442,0.14927646610814926
25,7,50,31,0.6823456282724455,0.6665736002049092,0.7681505408036698,0.20702308976158634,180946,0.012569832402234637,0.6093175946337087,0.7291827284145135,0.7535235470442719,0.25841320267068707,148576,0.05488126649076517
25,5,25,31,0.5128114362417805,0.7710919317570692,0.8175275968863708,0.20674600859537562,308538,0.012569832402234637,0.47822192789911927,0.7991657338495817,0.8106462601081144,0.23169992656442723,280518,0.034308779011099896
25,10,50,31,0.6792292411224818,0.6683845266783915,0.7688971087886814,0.20737155200687618,176842,0.012569832402234637,0.6013914058944961,0.7351244433002804,0.7561900444696497,0.2589222602597331,144302,0.055408970976253295
25,10,250,31,1.1073036597271482,0.3252183177252418,0.6611614255339331,0.11834626046537676,71426,0.012569832402234637,0.9354502302726038,0.4999193053039419,0.5799184446657949,0.2575567329188742,32653,0.13657876943881
25,10,100,31,0.8696750630962058,0.5284488894091998,0.7161519263764959,0.17871763589535042,110655,0.012569832402234637,0.7411678168049862,0.6469679221127579,0.6881290620167331,0.26729054542533537,74694,0.062321326472269865
25,10,500,31,1.2254961403118556,0.21338289883833192,0.6356387801181658,0.0799159649964434,60451,0.012569832402234637,1.0744336585662728,0.37939226309333507,0.4853640687353738,0.24352179034157834,20376,0.18502943650126155
25,7,25,31,0.5076963345053982,0.7741188237955021,0.817492836589228,0.2085132613621218,300120,0.012569832402234637,0.4699297051886403,0.804727991056104,0.8117400415651882,0.2342579826835052,271995,0.03382130237253912
25,10,25,31,0.5066652265953776,0.7749535917727727,0.8175418276591239,0.20959604408251756,298894,0.012569832402234637,0.4685308664032076,0.8058313484536429,0.812083478603786,0.23629005158655425,270807,0.03382130237253912
